ID,Workflow JSON,Catalog,Items,Created At,Updated At
control_1.png,"{""workflow"": ""[{\""id\"":\""id1\"",\""tool\"":\""APC\"",\""ability\"":\""控制方案设计信息确认\"",\""dep\"":null},{\""id\"":\""id2\"",\""tool\"":\""APC\"",\""ability\"":\""控制方案检索生成\"",\""dep\"":[\""id1\""]},{\""id\"":\""id4\"",\""tool\"":\""APC\"",\""ability\"":\""控制方案优化\"",\""dep\"":[\""id2\""]},{\""id\"":\""id6\"",\""tool\"":\""APC\"",\""ability\"":\""辨识模型数据\"",\""dep\"":[\""id4\""]}]"", ""branch_rules"": ""[{\""from\"":\""id2\"",\""to\"":\""id4\"",\""expression\"":\""Variable([String(\\\""Isover\\\"")]) Eq false\""},{\""from\"":\""id4\"",\""to\"":\""id6\"",\""expression\"":\""Variable([String(\\\""Isover\\\"")]) Eq false\""}]""}",control,APC优化气化炉控制，提升平稳性; 乙烯塔温度控制，APC方案优化; 乙烯装置乙烯塔温度APC控制优化，提升运行平稳性; 乙烯装置乙烯塔温度波动大，操作频次高，如何优化控制方案，提升运行平稳性; 产品质量波动明显，乙烯装置乙烯塔温度波动大，操作频次高，如何优化控制方案，提升运行平稳性 ... (共39个),2025-11-22 03:10:48,2025-11-22 11:10:48.578731
control_10.png,"{""workflow"": ""[{\""id\"":\""id1\"",\""tool\"":\""SPC\"",\""ability\"":\""AI控制补充信息\"",\""dep\"":null},{\""id\"":\""id2\"",\""tool\"":\""SPC\"",\""ability\"":\""数据质量分析\"",\""dep\"":[\""id1\""]},{\""id\"":\""id3\"",\""tool\"":\""SPC\"",\""ability\"":\""AI可控性评估\"",\""dep\"":[\""id2\""]},{\""id\"":\""id4\"",\""tool\"":\""SPC\"",\""ability\"":\""关键影响因素分析\"",\""dep\"":[\""id3\""]},{\""id\"":\""id5\"",\""tool\"":\""SPC\"",\""ability\"":\""工况识别与验证\"",\""dep\"":[\""id4\""]},{\""id\"":\""id6\"",\""tool\"":\""SPC\"",\""ability\"":\""预测模型构建与验证\"",\""dep\"":[\""id5\""]},{\""id\"":\""id7\"",\""tool\"":\""SPC\"",\""ability\"":\""控制器搭建及验证\"",\""dep\"":[\""id6\""]},{\""id\"":\""id9\"",\""tool\"":\""SPC\"",\""ability\"":\""在线工况识别\"",\""dep\"":[\""id1\""]},{\""id\"":\""id10\"",\""tool\"":\""SPC\"",\""ability\"":\""在线预测\"",\""dep\"":[\""id9\""]},{\""id\"":\""id11\"",\""tool\"":\""SPC\"",\""ability\"":\""在线控制\"",\""dep\"":[\""id10\""]},{\""id\"":\""id13\"",\""tool\"":\""SPC\"",\""ability\"":\""数据质量分析\"",\""dep\"":[\""id1\""]},{\""id\"":\""id14\"",\""tool\"":\""SPC\"",\""ability\"":\""AI可控性评估\"",\""dep\"":[\""id13\""]},{\""id\"":\""id15\"",\""tool\"":\""SPC\"",\""ability\"":\""关键影响因素分析\"",\""dep\"":[\""id14\""]},{\""id\"":\""id16\"",\""tool\"":\""SPC\"",\""ability\"":\""工况识别与验证\"",\""dep\"":[\""id15\""]},{\""id\"":\""id17\"",\""tool\"":\""SPC\"",\""ability\"":\""预测模型构建与验证\"",\""dep\"":[\""id16\""]},{\""id\"":\""id18\"",\""tool\"":\""SPC\"",\""ability\"":\""控制器搭建及验证\"",\""dep\"":[\""id17\""]},{\""id\"":\""id20\"",\""tool\"":\""SPC\"",\""ability\"":\""在线工况识别\"",\""dep\"":[\""id1\""]},{\""id\"":\""id21\"",\""tool\"":\""SPC\"",\""ability\"":\""在线预测\"",\""dep\"":[\""id20\""]},{\""id\"":\""id22\"",\""tool\"":\""SPC\"",\""ability\"":\""在线控制\"",\""dep\"":[\""id21\""]}]"", ""branch_rules"": ""[{\""from\"":\""id1\"",\""to\"":\""id2\"",\""expression\"":\""Variable([String(\\\""run_mode\\\"")]) Eq \\\""offline\\\""\""},{\""from\"":\""id2\"",\""to\"":\""id3\"",\""expression\"":\""Variable([String(\\\""is_contain_data\\\"")]) Eq true\""},{\""from\"":\""id1\"",\""to\"":\""id9\"",\""expression\"":\""Variable([String(\\\""run_mode\\\"")]) Eq \\\""online\\\""\""},{\""from\"":\""id1\"",\""to\"":\""id13\"",\""expression\"":\""Variable([String(\\\""run_mode\\\"")]) Eq \\\""offline\\\""\""},{\""from\"":\""id13\"",\""to\"":\""id14\"",\""expression\"":\""Variable([String(\\\""is_contain_data\\\"")]) Eq true\""},{\""from\"":\""id1\"",\""to\"":\""id20\"",\""expression\"":\""Variable([String(\\\""run_mode\\\"")]) Eq \\\""online\\\""\""}]""}",control,折流槽pH控制，用AI实现,2025-11-22 03:11:02,2025-11-22 11:11:02.335835
control_11.png,"{""workflow"": ""[{\""id\"":\""id1\"",\""tool\"":\""APC\"",\""ability\"":\""控制方案设计信息确认\"",\""dep\"":null},{\""id\"":\""id2\"",\""tool\"":\""APC\"",\""ability\"":\""控制方案检索生成\"",\""dep\"":[\""id1\""]}]"", ""branch_rules"": ""[]""}",control,查询APC控制方案参数（非优化）; 先进控制技术应用，帮我创建一个APC模型; G_LT_13001.PV过程变量大波动工况智能控制方案构建,2025-11-22 03:11:14,2025-11-22 11:11:14.745711
control_2.png,"{""workflow"": ""[{\""id\"":\""id1\"",\""tool\"":\""SPC\"",\""ability\"":\""AI自整定补充信息\"",\""dep\"":null},{\""id\"":\""id2\"",\""tool\"":\""SPC\"",\""ability\"":\""PID数据质量分析\"",\""dep\"":[\""id1\""]},{\""id\"":\""id3\"",\""tool\"":\""SPC\"",\""ability\"":\""PID回路运行情况分析\"",\""dep\"":[\""id2\""]},{\""id\"":\""id4\"",\""tool\"":\""SPC\"",\""ability\"":\""PID强化学习自整定\"",\""dep\"":[\""id3\""]},{\""id\"":\""id6\"",\""tool\"":\""SPC\"",\""ability\"":\""PID-AI在线自整定\"",\""dep\"":[\""id1\""]}]"", ""branch_rules"": ""[{\""from\"":\""id1\"",\""to\"":\""id2\"",\""expression\"":\""Variable([String(\\\""run_mode\\\"")]) Eq \\\""offline\\\""\""},{\""from\"":\""id2\"",\""to\"":\""id3\"",\""expression\"":\""Variable([String(\\\""is_contain_data\\\"")]) Eq true\""},{\""from\"":\""id1\"",\""to\"":\""id6\"",\""expression\"":\""Variable([String(\\\""run_mode\\\"")]) Eq \\\""online\\\""\""}]""}",control,FIC1101流量控制PID参数AI优化，解决设定值跟踪问题; FIC1101流量控制阀PID参数AI自整定优化，解决±5%波动问题; FIC1101的设定值是10t_h，但实际流量一直在9.5~10.5t_h之间来回跑，积分时间已经调到5分钟了还是稳不住，P和D该怎么调整？; FIC1101设定值跟踪，AI调PID; FIC1101这个流量控制阀波动太大，PV值一直在±5%范围内晃，手动控制还行，切自动就震荡，该怎么调PID？ ... (共34个),2025-11-22 03:10:48,2025-11-22 11:10:48.779264
control_3.png,"{""workflow"": ""[{\""id\"":\""id1\"",\""tool\"":\""SPC\"",\""ability\"":\""AI控制补充信息\"",\""dep\"":null},{\""id\"":\""id2\"",\""tool\"":\""SPC\"",\""ability\"":\""数据质量分析\"",\""dep\"":[\""id1\""]},{\""id\"":\""id3\"",\""tool\"":\""SPC\"",\""ability\"":\""AI可控性评估\"",\""dep\"":[\""id2\""]},{\""id\"":\""id4\"",\""tool\"":\""SPC\"",\""ability\"":\""关键影响因素分析\"",\""dep\"":[\""id3\""]},{\""id\"":\""id5\"",\""tool\"":\""SPC\"",\""ability\"":\""工况识别与验证\"",\""dep\"":[\""id4\""]},{\""id\"":\""id6\"",\""tool\"":\""SPC\"",\""ability\"":\""预测模型构建与验证\"",\""dep\"":[\""id5\""]},{\""id\"":\""id7\"",\""tool\"":\""SPC\"",\""ability\"":\""控制器搭建及验证\"",\""dep\"":[\""id6\""]},{\""id\"":\""id9\"",\""tool\"":\""SPC\"",\""ability\"":\""在线工况识别\"",\""dep\"":[\""id1\""]},{\""id\"":\""id10\"",\""tool\"":\""SPC\"",\""ability\"":\""在线预测\"",\""dep\"":[\""id9\""]},{\""id\"":\""id11\"",\""tool\"":\""SPC\"",\""ability\"":\""在线控制\"",\""dep\"":[\""id10\""]}]"", ""branch_rules"": ""[{\""from\"":\""id1\"",\""to\"":\""id2\"",\""expression\"":\""Variable([String(\\\""run_mode\\\"")]) Eq \\\""offline\\\""\""},{\""from\"":\""id2\"",\""to\"":\""id3\"",\""expression\"":\""Variable([String(\\\""is_contain_data\\\"")]) Eq true\""},{\""from\"":\""id1\"",\""to\"":\""id9\"",\""expression\"":\""Variable([String(\\\""run_mode\\\"")]) Eq \\\""online\\\""\""}]""}",control,F_TIC_16008.PV回路AI智能控制方案设计; F_TIC_16008.PV过程变量受未知干扰因素影响，无法实现自动控制，怎样实现该回路的自动控制？; G_LT_13001.PV过程变量受未知因素的影响、大时间滞后，工况多变，如何实现该回路的自动化控制; G_LT_13001.PV过程变量，大波动过程无法通过PID、APC实现自动化控制，如何实现智能控制; G_LT_13001.PV过程变量，大波动过程无法通过PID、APC实现自动化控制，如何实现智能控制（核心意图） ... (共30个),2025-11-22 03:10:48,2025-11-22 11:10:48.815480
control_4.png,"{""workflow"": ""[{\""id\"":\""id1\"",\""tool\"":\""SPC\"",\""ability\"":\""AI控制补充信息\"",\""dep\"":null},{\""id\"":\""id2\"",\""tool\"":\""SPC\"",\""ability\"":\""上传数据与解析\"",\""dep\"":[\""id1\""]},{\""id\"":\""id3\"",\""tool\"":\""SPC\"",\""ability\"":\""确认解析结果\"",\""dep\"":[\""id2\""]},{\""id\"":\""id4\"",\""tool\"":\""SPC\"",\""ability\"":\""确认建模信息\"",\""dep\"":[\""id3\""]},{\""id\"":\""id5\"",\""tool\"":\""SPC\"",\""ability\"":\""TPT推理计算\"",\""dep\"":[\""id4\""]},{\""id\"":\""id7\"",\""tool\"":\""SPC\"",\""ability\"":\""配置方案\"",\""dep\"":[\""id1\""]},{\""id\"":\""id8\"",\""tool\"":\""SPC\"",\""ability\"":\""实时计算\"",\""dep\"":[\""id7\""]}]"", ""branch_rules"": ""[]""}",control,F_TIC_16008回路AI控制方案,2025-11-22 03:10:48,2025-11-22 11:10:48.852677
control_5.png,"{""workflow"": ""[{\""id\"":\""id1\"",\""tool\"":\""SPC\"",\""ability\"":\""AI控制补充信息\"",\""dep\"":null},{\""id\"":\""id2\"",\""tool\"":\""SPC\"",\""ability\"":\""数据质量分析\"",\""dep\"":[\""id1\""]},{\""id\"":\""id3\"",\""tool\"":\""SPC\"",\""ability\"":\""AI可控性评估\"",\""dep\"":[\""id2\""]},{\""id\"":\""id4\"",\""tool\"":\""SPC\"",\""ability\"":\""关键影响因素分析\"",\""dep\"":[\""id3\""]},{\""id\"":\""id5\"",\""tool\"":\""SPC\"",\""ability\"":\""工况识别与验证\"",\""dep\"":[\""id4\""]},{\""id\"":\""id6\"",\""tool\"":\""SPC\"",\""ability\"":\""预测模型构建与验证\"",\""dep\"":[\""id5\""]},{\""id\"":\""id7\"",\""tool\"":\""SPC\"",\""ability\"":\""控制器搭建及验证\"",\""dep\"":[\""id6\""]},{\""id\"":\""id9\"",\""tool\"":\""SPC\"",\""ability\"":\""在线工况识别\"",\""dep\"":[\""id1\""]},{\""id\"":\""id10\"",\""tool\"":\""SPC\"",\""ability\"":\""在线预测\"",\""dep\"":[\""id9\""]},{\""id\"":\""id11\"",\""tool\"":\""SPC\"",\""ability\"":\""在线控制\"",\""dep\"":[\""id10\""]},{\""id\"":\""id13\"",\""tool\"":\""SPC\"",\""ability\"":\""配置方案\"",\""dep\"":[\""id1\""]},{\""id\"":\""id14\"",\""tool\"":\""SPC\"",\""ability\"":\""实时计算\"",\""dep\"":[\""id13\""]}]"", ""branch_rules"": ""[{\""from\"":\""id1\"",\""to\"":\""id2\"",\""expression\"":\""Variable([String(\\\""run_mode\\\"")]) Eq \\\""offline\\\""\""},{\""from\"":\""id2\"",\""to\"":\""id3\"",\""expression\"":\""Variable([String(\\\""is_contain_data\\\"")]) Eq true\""},{\""from\"":\""id1\"",\""to\"":\""id9\"",\""expression\"":\""Variable([String(\\\""run_mode\\\"")]) Eq \\\""online\\\""\""}]""}",control,G_LT_13001.PV过程变量大波动工况智能控制方案构建,2025-11-22 03:10:48,2025-11-22 11:10:48.889774
control_6.png,"{""workflow"": ""[{\""id\"":\""id1\"",\""tool\"":\""EXAM\"",\""ability\"":\""考试题目生成\"",\""dep\"":null}]"", ""branch_rules"": ""[]""}",control,专业水平测试，生成考试; 专业认证需求，生成考试; 人员能力评估，生成考试; 培训计划需要，生成考试; 岗位认证考核，生成考试 ... (共12个),2025-11-22 03:10:49,2025-11-22 11:10:49.471068
control_7.png,"{""workflow"": ""[{\""id\"":\""id1\"",\""tool\"":\""APC\"",\""ability\"":\""控制方案优化\"",\""dep\"":null}]"", ""branch_rules"": ""[]""}",control,优化APC模型性能（非创建模型）; 重整装置分馏塔APC控制方案优化，降低操作频次,2025-11-22 03:10:49,2025-11-22 11:10:49.778519
control_8.png,"{""workflow"": ""[{\""id\"":\""id1\"",\""tool\"":\""APC\"",\""ability\"":\""控制方案设计信息确认\"",\""dep\"":null},{\""id\"":\""id2\"",\""tool\"":\""APC\"",\""ability\"":\""控制方案检索生成\"",\""dep\"":[\""id1\""]},{\""id\"":\""id4\"",\""tool\"":\""APC\"",\""ability\"":\""控制方案优化\"",\""dep\"":[\""id2\""]}]"", ""branch_rules"": ""[{\""from\"":\""id2\"",\""to\"":\""id4\"",\""expression\"":\""Variable([String(\\\""Isover\\\"")]) Eq false\""}]""}",control,常减压装置APC优化，降低操作频次; 电解槽槽温波动，APC控制优化一下; 先进控制技术应用，帮我创建一个APC模型; 如何设计电解槽的闭环控制系统，使其能自主调节槽温偏差，从而显著降低人工校正的频率？,2025-11-22 03:10:51,2025-11-22 11:10:51.527383
control_9.png,"{""workflow"": ""[{\""id\"":\""id1\"",\""tool\"":\""builtin\"",\""ability\"":\""用户交互界面\"",\""dep\"":null},{\""id\"":\""id2\"",\""tool\"":\""SPC\"",\""ability\"":\""数据质量分析\"",\""dep\"":[\""id1\""]},{\""id\"":\""id4\"",\""tool\"":\""SPC\"",\""ability\"":\""AI可控性评估\"",\""dep\"":[\""id2\""]},{\""id\"":\""id6\"",\""tool\"":\""SPC\"",\""ability\"":\""关键影响因素分析\"",\""dep\"":[\""id4\""]},{\""id\"":\""id8\"",\""tool\"":\""SPC\"",\""ability\"":\""工况识别与验证\"",\""dep\"":[\""id6\""]},{\""id\"":\""id10\"",\""tool\"":\""SPC\"",\""ability\"":\""预测模型构建与验证\"",\""dep\"":[\""id8\""]},{\""id\"":\""id12\"",\""tool\"":\""SPC\"",\""ability\"":\""控制器搭建及验证\"",\""dep\"":[\""id10\""]},{\""id\"":\""id14\"",\""tool\"":\""SPC\"",\""ability\"":\""在线工况识别\"",\""dep\"":[\""id12\""]},{\""id\"":\""id16\"",\""tool\"":\""SPC\"",\""ability\"":\""在线预测\"",\""dep\"":[\""id14\""]},{\""id\"":\""id18\"",\""tool\"":\""SPC\"",\""ability\"":\""在线控制\"",\""dep\"":[\""id16\""]}]"", ""branch_rules"": ""[]""}",control,技术改造前，基于xlsx上传文件，帮我分析存在什么异常？,2025-11-22 03:10:58,2025-11-22 11:10:58.539045
evaluation_1.png,"{""workflow"": ""[{\""id\"":\""id1\"",\""tool\"":\""anomaly_detection\"",\""ability\"":\""补充信息\"",\""dep\"":null},{\""id\"":\""id2\"",\""tool\"":\""anomaly_detection\"",\""ability\"":\""上传数据\"",\""dep\"":[\""id1\""]},{\""id\"":\""id3\"",\""tool\"":\""anomaly_detection\"",\""ability\"":\""确认建模信息\"",\""dep\"":[\""id2\""]},{\""id\"":\""id4\"",\""tool\"":\""anomaly_detection\"",\""ability\"":\""TPT模型微调\"",\""dep\"":[\""id3\""]},{\""id\"":\""id5\"",\""tool\"":\""anomaly_detection\"",\""ability\"":\""TPT推理计算\"",\""dep\"":[\""id2\"",\""id4\""]},{\""id\"":\""id7\"",\""tool\"":\""anomaly_detection\"",\""ability\"":\""上传高频数据\"",\""dep\"":[\""id5\""]},{\""id\"":\""id8\"",\""tool\"":\""anomaly_detection\"",\""ability\"":\""故障诊断\"",\""dep\"":[\""id7\""]}]"", ""branch_rules"": ""[{\""from\"":\""id2\"",\""to\"":\""id3\"",\""expression\"":\""Variable([String(\\\""opt_model_selected\\\"")]) Eq false And Variable([String(\\\""is_contain_data\\\"")]) Eq true\""},{\""from\"":\""id2\"",\""to\"":\""id5\"",\""expression\"":\""Variable([String(\\\""opt_model_selected\\\"")]) Eq true And Variable([String(\\\""is_contain_data\\\"")]) Eq true\""},{\""from\"":\""id5\"",\""to\"":\""id7\"",\""expression\"":\""Variable([String(\\\""diagnosis_flag\\\"")]) Eq true\""}]""}",evaluation,上传文件，看看设备有什么异常; 在线监测盐水流量调节阀（非离线检测）; 基于上传监测文件执行设备异常评估分析; 定期维护检查，请分析渣油泵是否正常？; 性能下降期，请识别渣油泵异常点 ... (共40个),2025-11-22 03:10:49,2025-11-22 11:10:49.345560
evaluation_2.png,"{""workflow"": ""[{\""id\"":\""id1\"",\""tool\"":\""Redesign\"",\""ability\"":\""确认关键变量\"",\""dep\"":null},{\""id\"":\""id2\"",\""tool\"":\""Redesign\"",\""ability\"":\""产品质量预测\"",\""dep\"":[\""id1\""]},{\""id\"":\""id3\"",\""tool\"":\""Redesign\"",\""ability\"":\""动态操作路径规划\"",\""dep\"":[\""id2\""]}]"", ""branch_rules"": ""[]""}",evaluation,乙醇合成装置乙醇纯度提升操作规划，保持进料不变; 乙醇合成装置在不改变进料的基础上，提高乙醇的纯度，应该如何操作？; 乙醇纯度提高，不改变进料怎么操作; 产品升级要求，我想提高乙烯的双烯纯度，应该如何操作？; 产品质量指标要求提高，我想调整常顶油终馏点，应该如何操作 ... (共25个),2025-11-22 03:10:49,2025-11-22 11:10:49.554115
evaluation_3.png,"{""workflow"": ""[{\""id\"":\""id1\"",\""tool\"":\""anomaly_detection\"",\""ability\"":\""补充信息\"",\""dep\"":null},{\""id\"":\""id2\"",\""tool\"":\""anomaly_detection\"",\""ability\"":\""上传数据\"",\""dep\"":[\""id1\""]},{\""id\"":\""id3\"",\""tool\"":\""anomaly_detection\"",\""ability\"":\""确认建模信息\"",\""dep\"":[\""id2\""]},{\""id\"":\""id4\"",\""tool\"":\""anomaly_detection\"",\""ability\"":\""TPT推理计算\"",\""dep\"":[\""id3\""]},{\""id\"":\""id6\"",\""tool\"":\""anomaly_detection\"",\""ability\"":\""配置方案\"",\""dep\"":[\""id1\""]},{\""id\"":\""id7\"",\""tool\"":\""anomaly_detection\"",\""ability\"":\""实时计算\"",\""dep\"":[\""id6\""]}]"", ""branch_rules"": ""[{\""from\"":\""id1\"",\""to\"":\""id2\"",\""expression\"":\""Variable([String(\\\""opt_model_selected\\\"")]) Eq false\""},{\""from\"":\""id2\"",\""to\"":\""id3\"",\""expression\"":\""Variable([String(\\\""is_contain_data\\\"")]) Eq true\""},{\""from\"":\""id1\"",\""to\"":\""id6\"",\""expression\"":\""Variable([String(\\\""opt_model_selected\\\"")]) Eq true\""}]""}",evaluation,二级硫冷凝器H2S，异常检测和风险预测做一下,2025-11-22 03:10:49,2025-11-22 11:10:49.607532
evaluation_4.png,"{""workflow"": ""[{\""id\"":\""id1\"",\""tool\"":\""Redesign\"",\""ability\"":\""节能降耗瓶颈分析\"",\""dep\"":null},{\""id\"":\""id2\"",\""tool\"":\""Redesign\"",\""ability\"":\""上传数据与校验\"",\""dep\"":[\""id1\""]},{\""id\"":\""id3\"",\""tool\"":\""Redesign\"",\""ability\"":\""识别换热网络瓶颈\"",\""dep\"":[\""id2\""]},{\""id\"":\""id4\"",\""tool\"":\""Redesign\"",\""ability\"":\""识别换热器瓶颈\"",\""dep\"":[\""id3\""]}]"", ""branch_rules"": ""[]""}",evaluation,分析一下常减压装置能耗高的原因; 分析一下常减压装置能耗高的原因（核心意图）; 分析能耗高原因，常减压装置; 常减压装置为什么能耗高; 常减压装置能耗偏高原因分析 ... (共19个),2025-11-22 03:10:50,2025-11-22 11:10:50.405204
evaluation_5.png,"{""workflow"": ""[{\""id\"":\""id1\"",\""tool\"":\""Redesign\"",\""ability\"":\""节能降耗瓶颈分析\"",\""dep\"":null}]"", ""branch_rules"": ""[]""}",evaluation,原料性质变化后，分析一下常减压装置能耗高的原因; 原料性质变化后，哪个环节是常减压装置的用能瓶颈; 同类装置对比差异，分析一下常减压装置能耗高的原因; 同类装置能效对比，常减压装置的设备和环节可能会造成用能瓶颈，请帮我评估一下并给出解决方案？; 哪个环节是常减压装置的用能瓶颈 ... (共26个),2025-11-22 03:10:50,2025-11-22 11:10:50.681950
evaluation_6.png,"{""workflow"": ""[{\""id\"":\""id1\"",\""tool\"":\""anomaly_detection\"",\""ability\"":\""上传数据\"",\""dep\"":null},{\""id\"":\""id2\"",\""tool\"":\""anomaly_detection\"",\""ability\"":\""确认建模信息\"",\""dep\"":[\""id1\""]},{\""id\"":\""id3\"",\""tool\"":\""anomaly_detection\"",\""ability\"":\""TPT模型微调\"",\""dep\"":[\""id2\""]},{\""id\"":\""id4\"",\""tool\"":\""anomaly_detection\"",\""ability\"":\""TPT推理计算\"",\""dep\"":[\""id3\""]},{\""id\"":\""id6\"",\""tool\"":\""anomaly_detection\"",\""ability\"":\""上传高频数据\"",\""dep\"":[\""id4\""]},{\""id\"":\""id7\"",\""tool\"":\""anomaly_detection\"",\""ability\"":\""故障诊断\"",\""dep\"":[\""id6\""]}]"", ""branch_rules"": ""[{\""from\"":\""id1\"",\""to\"":\""id2\"",\""expression\"":\""Variable([String(\\\""is_contain_data\\\"")]) Eq true\""},{\""from\"":\""id4\"",\""to\"":\""id6\"",\""expression\"":\""Variable([String(\\\""diagnosis_flag\\\"")]) Eq true\""}]""}",evaluation,同类设备故障频发，请识别渣油泵异常点; 基于上传监测文件执行设备异常评估分析,2025-11-22 03:10:50,2025-11-22 11:10:50.946889
evaluation_7.png,"{""workflow"": ""[{\""id\"":\""id1\"",\""tool\"":\""anomaly_detection\"",\""ability\"":\""上传离线数据\"",\""dep\"":null},{\""id\"":\""id2\"",\""tool\"":\""anomaly_detection\"",\""ability\"":\""执行检测算法\"",\""dep\"":[\""id1\""]}]"", ""branch_rules"": ""[]""}",evaluation,同类阀门故障频发，请分析盐水流量调节阀是否存在异常，异常是什么？; 定期维护期，请分析盐水流量调节阀有什么异常？; 性能评估需求，请分析盐水流量调节阀不正常的原因; 执行盐水流量调节阀离线异常检测流程; 操作员反映运行不稳定，请分析渣油泵是否正常？ ... (共26个),2025-11-22 03:10:50,2025-11-22 11:10:50.984549
evaluation_8.png,"{""workflow"": ""[{\""id\"":\""id1\"",\""tool\"":\""anomaly_detection\"",\""ability\"":\""补充信息\"",\""dep\"":null},{\""id\"":\""id2\"",\""tool\"":\""anomaly_detection\"",\""ability\"":\""上传数据\"",\""dep\"":[\""id1\""]},{\""id\"":\""id3\"",\""tool\"":\""anomaly_detection\"",\""ability\"":\""确认建模信息\"",\""dep\"":[\""id2\""]},{\""id\"":\""id4\"",\""tool\"":\""anomaly_detection\"",\""ability\"":\""TPT模型微调\"",\""dep\"":[\""id3\""]},{\""id\"":\""id5\"",\""tool\"":\""anomaly_detection\"",\""ability\"":\""TPT推理计算\"",\""dep\"":[\""id4\""]},{\""id\"":\""id7\"",\""tool\"":\""anomaly_detection\"",\""ability\"":\""配置方案\"",\""dep\"":[\""id1\""]},{\""id\"":\""id8\"",\""tool\"":\""anomaly_detection\"",\""ability\"":\""实时计算\"",\""dep\"":[\""id7\""]}]"", ""branch_rules"": ""[{\""from\"":\""id1\"",\""to\"":\""id2\"",\""expression\"":\""Variable([String(\\\""opt_model_selected\\\"")]) Eq false\""},{\""from\"":\""id2\"",\""to\"":\""id3\"",\""expression\"":\""Variable([String(\\\""is_contain_data\\\"")]) Eq true\""},{\""from\"":\""id1\"",\""to\"":\""id7\"",\""expression\"":\""Variable([String(\\\""opt_model_selected\\\"")]) Eq true\""}]""}",evaluation,执行渣油泵异常检测与故障诊断流程; 故障预警触发，请分析渣油泵是否存在异常？; 查询渣油泵运行参数（非异常检测）,2025-11-22 03:10:55,2025-11-22 11:10:55.558932
evaluation_9.png,"{""workflow"": ""[{\""id\"":\""id1\"",\""tool\"":\""Redesign\"",\""ability\"":\""节能降耗瓶颈分析\"",\""dep\"":null},{\""id\"":\""id2\"",\""tool\"":\""Redesign\"",\""ability\"":\""上传数据与校验\"",\""dep\"":[\""id1\""]},{\""id\"":\""id3\"",\""tool\"":\""Redesign\"",\""ability\"":\""选择改造目标\"",\""dep\"":[\""id2\""]},{\""id\"":\""id4\"",\""tool\"":\""Redesign\"",\""ability\"":\""选择改造幅度\"",\""dep\"":[\""id3\""]},{\""id\"":\""id5\"",\""tool\"":\""Redesign\"",\""ability\"":\""识别换热器瓶颈\"",\""dep\"":[\""id4\""]},{\""id\"":\""id6\"",\""tool\"":\""Redesign\"",\""ability\"":\""换热器改造\"",\""dep\"":[\""id5\""]},{\""id\"":\""id8\"",\""tool\"":\""Redesign\"",\""ability\"":\""指定现场限制条件\"",\""dep\"":[\""id4\""]},{\""id\"":\""id9\"",\""tool\"":\""Redesign\"",\""ability\"":\""换热网络改造\"",\""dep\"":[\""id8\""]},{\""id\"":\""id11\"",\""tool\"":\""Redesign\"",\""ability\"":\""校验限制条件\"",\""dep\"":[\""id8\""]},{\""id\"":\""id12\"",\""tool\"":\""Redesign\"",\""ability\"":\""换热网络改造\"",\""dep\"":[\""id11\""]}]"", ""branch_rules"": ""[{\""from\"":\""id4\"",\""to\"":\""id5\"",\""expression\"":\""Variable([String(\\\""branch_result\\\"")]) Eq 0\""},{\""from\"":\""id4\"",\""to\"":\""id8\"",\""expression\"":\""Variable([String(\\\""branch_result\\\"")]) Eq 1\""},{\""from\"":\""id8\"",\""to\"":\""id9\"",\""expression\"":\""Variable([String(\\\""branch_result\\\"")]) Eq 0\""},{\""from\"":\""id8\"",\""to\"":\""id11\"",\""expression\"":\""Variable([String(\\\""branch_result\\\"")]) Eq 1\""}]""}",evaluation,节能技术应用评估，常减压装置的设备和环节可能会造成用能瓶颈，请帮我评估一下并给出解决方案？; 节能改造项目需要，常减压装置的设备和环节可能会造成用能瓶颈，请帮我评估一下并给出解决方案？,2025-11-22 03:11:15,2025-11-22 11:11:15.247540
optimization_1.png,"{""workflow"": ""[{\""id\"":\""id1\"",\""tool\"":\""RTO操作优化\"",\""ability\"":\""补充信息\"",\""dep\"":null},{\""id\"":\""id2\"",\""tool\"":\""RTO操作优化\"",\""ability\"":\""上传数据\"",\""dep\"":[\""id1\""]},{\""id\"":\""id3\"",\""tool\"":\""RTO操作优化\"",\""ability\"":\""确认建模信息\"",\""dep\"":[\""id2\""]},{\""id\"":\""id4\"",\""tool\"":\""RTO操作优化\"",\""ability\"":\""TPT推理计算\"",\""dep\"":[\""id3\""]},{\""id\"":\""id6\"",\""tool\"":\""RTO操作优化\"",\""ability\"":\""配置方案\"",\""dep\"":[\""id1\""]},{\""id\"":\""id7\"",\""tool\"":\""RTO操作优化\"",\""ability\"":\""实时计算\"",\""dep\"":[\""id6\""]}]"", ""branch_rules"": ""[{\""from\"":\""id1\"",\""to\"":\""id2\"",\""expression\"":\""Variable([String(\\\""opt_model_selected\\\"")]) Eq false\""},{\""from\"":\""id2\"",\""to\"":\""id3\"",\""expression\"":\""Variable([String(\\\""is_contain_data\\\"")]) Eq true\""},{\""from\"":\""id1\"",\""to\"":\""id6\"",\""expression\"":\""Variable([String(\\\""opt_model_selected\\\"")]) Eq true\""}]""}",optimization,不同煤种适应性测试，如果要提升气化炉有效气含量，该如何操作？; 乙烯双烯纯度提高操作方案制定; 乙烯双烯纯度提高，操作方案; 优化二级硫冷凝器H2S浓度控制策略（非异常检测）; 优化常减压装置能耗（非原因分析） ... (共33个),2025-11-22 03:10:49,2025-11-22 11:10:49.397813
optimization_10.png,"{""workflow"": ""[{\""id\"":\""id1\"",\""tool\"":\""Redesign\"",\""ability\"":\""上传数据与校验\"",\""dep\"":null},{\""id\"":\""id2\"",\""tool\"":\""Redesign\"",\""ability\"":\""指定现场限制条件\"",\""dep\"":[\""id1\""]},{\""id\"":\""id3\"",\""tool\"":\""Redesign\"",\""ability\"":\""换热网络改造\"",\""dep\"":[\""id2\""]},{\""id\"":\""id5\"",\""tool\"":\""Redesign\"",\""ability\"":\""校验限制条件\"",\""dep\"":[\""id2\""]},{\""id\"":\""id6\"",\""tool\"":\""Redesign\"",\""ability\"":\""换热网络改造\"",\""dep\"":[\""id5\""]}]"", ""branch_rules"": ""[{\""from\"":\""id2\"",\""to\"":\""id3\"",\""expression\"":\""Variable([String(\\\""branch_result\\\"")]) Eq 0\""},{\""from\"":\""id2\"",\""to\"":\""id5\"",\""expression\"":\""Variable([String(\\\""branch_result\\\"")]) Eq 1\""}]""}",optimization,全局改造换热网络，优化目标为年度化收益最大; 全局改造换热网络，优化目标为运行成本最低; 全局改造换热网络，成本最低化; 全局改造，成本最低; 全局改造，收益最大 ... (共35个),2025-11-22 03:10:50,2025-11-22 11:10:50.204604
optimization_11.png,"{""workflow"": ""[{\""id\"":\""id1\"",\""tool\"":\""Redesign\"",\""ability\"":\""上传数据与校验\"",\""dep\"":null},{\""id\"":\""id2\"",\""tool\"":\""Redesign\"",\""ability\"":\""选择改造目标\"",\""dep\"":[\""id1\""]},{\""id\"":\""id3\"",\""tool\"":\""Redesign\"",\""ability\"":\""选择改造幅度\"",\""dep\"":[\""id2\""]},{\""id\"":\""id4\"",\""tool\"":\""Redesign\"",\""ability\"":\""识别换热器瓶颈\"",\""dep\"":[\""id3\""]},{\""id\"":\""id5\"",\""tool\"":\""Redesign\"",\""ability\"":\""换热器改造\"",\""dep\"":[\""id4\""]},{\""id\"":\""id7\"",\""tool\"":\""Redesign\"",\""ability\"":\""换热网络改造\"",\""dep\"":[\""id3\""]}]"", ""branch_rules"": ""[{\""from\"":\""id3\"",\""to\"":\""id4\"",\""expression\"":\""Variable([String(\\\""branch_result\\\"")]) Eq 0\""}]""}",optimization,全局改造换热网络，忽略现场限制因素; 换热网络改造，不考虑现场约束; 能效潜力评估，请帮我对换热网络进行全局改造，不考虑现场限制条件,2025-11-22 03:10:50,2025-11-22 11:10:50.241740
optimization_12.png,"{""workflow"": ""[{\""id\"":\""id1\"",\""tool\"":\""Redesign\"",\""ability\"":\""上传数据与校验\"",\""dep\"":null},{\""id\"":\""id2\"",\""tool\"":\""Redesign\"",\""ability\"":\""识别换热网络瓶颈\"",\""dep\"":[\""id1\""]},{\""id\"":\""id3\"",\""tool\"":\""Redesign\"",\""ability\"":\""选择改造目标\"",\""dep\"":[\""id2\""]},{\""id\"":\""id4\"",\""tool\"":\""Redesign\"",\""ability\"":\""换热网络改造\"",\""dep\"":[\""id3\""]}]"", ""branch_rules"": ""[]""}",optimization,全局改造换热网络，无限制条件; 全局改造，无现场限制; 原料性质变化后，常减压装置热换网络还有优化的空间吗？; 常减压装置热换网络还有优化的空间吗？; 换热网络优化空间评估和改造 ... (共7个),2025-11-22 03:10:50,2025-11-22 11:10:50.287189
optimization_13.png,"{""workflow"": ""[{\""id\"":\""id1\"",\""tool\"":\""PID\"",\""ability\"":\""开车阶段参数批量整定\"",\""dep\"":null}]"", ""branch_rules"": ""[]""}",optimization,刚完成重整装置设备巡检，所有设备正常，帮我进行重整装置的开车批量预设; 历史数据完整可用，重整装置要开工了，请帮我预设一下PID参数; 基于历史数据的重整装置开工PID参数整定; 大修后重新开工，重整装置要开工了，请帮我预设一下PID参数; 天气晴朗，设备就位完毕，装置快开车了，给我一批初始的PID参数，让我投运吧 ... (共49个),2025-11-22 03:10:50,2025-11-22 11:10:50.488300
optimization_14.png,"{""workflow"": ""[{\""id\"":\""id1\"",\""tool\"":\""boiler\"",\""ability\"":\""确定锅炉类型\"",\""dep\"":null},{\""id\"":\""id2\"",\""tool\"":\""boiler\"",\""ability\"":\""选择锅炉数据获取方式\"",\""dep\"":[\""id1\""]},{\""id\"":\""id3\"",\""tool\"":\""boiler\"",\""ability\"":\""系统运行历史数据选择\"",\""dep\"":[\""id2\""]},{\""id\"":\""id5\"",\""tool\"":\""boiler\"",\""ability\"":\""确认被控变量信息\"",\""dep\"":[\""id3\""]},{\""id\"":\""id6\"",\""tool\"":\""boiler\"",\""ability\"":\""确认操作变量信息\"",\""dep\"":[\""id5\""]},{\""id\"":\""id7\"",\""tool\"":\""boiler\"",\""ability\"":\""确认其它干扰变量信息\"",\""dep\"":[\""id6\""]},{\""id\"":\""id8\"",\""tool\"":\""boiler\"",\""ability\"":\""控制模型微调或加载\"",\""dep\"":[\""id7\""]},{\""id\"":\""id9\"",\""tool\"":\""boiler\"",\""ability\"":\""控制效果评估\"",\""dep\"":[\""id8\""]},{\""id\"":\""id11\"",\""tool\"":\""boiler\"",\""ability\"":\""上传位号信息表\"",\""dep\"":[\""id2\""]},{\""id\"":\""id13\"",\""tool\"":\""boiler\"",\""ability\"":\""确认被控变量信息\"",\""dep\"":[\""id11\""]},{\""id\"":\""id14\"",\""tool\"":\""boiler\"",\""ability\"":\""确认操作变量信息\"",\""dep\"":[\""id13\""]},{\""id\"":\""id15\"",\""tool\"":\""boiler\"",\""ability\"":\""确认其它干扰变量信息\"",\""dep\"":[\""id14\""]},{\""id\"":\""id16\"",\""tool\"":\""boiler\"",\""ability\"":\""控制模型加载\"",\""dep\"":[\""id15\""]},{\""id\"":\""id17\"",\""tool\"":\""boiler\"",\""ability\"":\""控制算法执行\"",\""dep\"":[\""id16\""]}]"", ""branch_rules"": ""[{\""from\"":\""id2\"",\""to\"":\""id3\"",\""expression\"":\""Variable([String(\\\""run_mode\\\"")]) Eq \\\""offline\\\""\""},{\""from\"":\""id3\"",\""to\"":\""id5\"",\""expression\"":\""Variable([String(\\\""is_upload_file\\\"")]) Eq true\""},{\""from\"":\""id2\"",\""to\"":\""id11\"",\""expression\"":\""Variable([String(\\\""run_mode\\\"")]) Eq \\\""online\\\""\""},{\""from\"":\""id11\"",\""to\"":\""id13\"",\""expression\"":\""Variable([String(\\\""is_upload_file\\\"")]) Eq true\""}]""}",optimization,刚完成锅炉大修，设备状态良好，能否帮我设计锅炉回路的自动运行调整的控制方案_; 我想实现锅炉回路的自动运行调整，能否帮我设计控制方案_; 我想实现锅炉回路的自动运行调整，能否帮我设计控制方案（核心意图）; 操作员反映手动调整频繁，工作量大，我想实现锅炉回路的自动运行调整，能否帮我设计控制方案_; 新锅炉投运前，我想实现锅炉回路的自动运行调整，能否帮我设计控制方案_ ... (共16个),2025-11-22 03:10:50,2025-11-22 11:10:50.542368
optimization_15.png,"{""workflow"": ""[{\""id\"":\""id1\"",\""tool\"":\""Redesign\"",\""ability\"":\""上传数据与校验\"",\""dep\"":null},{\""id\"":\""id2\"",\""tool\"":\""Redesign\"",\""ability\"":\""识别换热网络瓶颈\"",\""dep\"":[\""id1\""]}]"", ""branch_rules"": ""[]""}",optimization,原料变化适应期，帮我评估整个换热网络的性能; 同类装置评估效果明显，帮我评估整个换热网络的性能; 大修计划制定需要，帮我评估整个换热网络的性能; 帮我评估整个换热网络的性能; 帮我评估整个换热网络的性能（核心意图） ... (共29个),2025-11-22 03:10:50,2025-11-22 11:10:50.637395
optimization_16.png,"{""workflow"": ""[{\""id\"":\""id1\"",\""tool\"":\""Redesign\"",\""ability\"":\""上传数据与校验\"",\""dep\"":null},{\""id\"":\""id2\"",\""tool\"":\""Redesign\"",\""ability\"":\""识别换热网络瓶颈\"",\""dep\"":[\""id1\""]},{\""id\"":\""id3\"",\""tool\"":\""Redesign\"",\""ability\"":\""换热网络改造\"",\""dep\"":[\""id2\""]}]"", ""branch_rules"": ""[]""}",optimization,双目标优化需求，请帮我改造换热网络，改造的目标是年度效益最大_运行费用最低，不考虑现场限制; 能效提升需求，请帮我对换热网络进行全局改造，改造的目标是运行成本最低，不考虑现场限制; 请帮我对换热网络进行全局改造，改造的目标是运行成本最低，不考虑现场限制（核心意图）; 全局改造换热网络，无限制条件; 节能降耗目标，请帮我对换热网络进行全局改造，改造的目标是运行成本最低，不考虑现场限制,2025-11-22 03:10:50,2025-11-22 11:10:50.763617
optimization_17.png,"{""workflow"": ""[{\""id\"":\""id1\"",\""tool\"":\""Redesign\"",\""ability\"":\""上传数据与校验\"",\""dep\"":null},{\""id\"":\""id2\"",\""tool\"":\""Redesign\"",\""ability\"":\""识别换热网络瓶颈\"",\""dep\"":[\""id1\""]},{\""id\"":\""id3\"",\""tool\"":\""Redesign\"",\""ability\"":\""指定现场限制条件\"",\""dep\"":[\""id2\""]},{\""id\"":\""id4\"",\""tool\"":\""Redesign\"",\""ability\"":\""换热网络改造\"",\""dep\"":[\""id3\""]},{\""id\"":\""id6\"",\""tool\"":\""Redesign\"",\""ability\"":\""校验限制条件\"",\""dep\"":[\""id3\""]},{\""id\"":\""id7\"",\""tool\"":\""Redesign\"",\""ability\"":\""换热网络改造\"",\""dep\"":[\""id6\""]}]"", ""branch_rules"": ""[{\""from\"":\""id3\"",\""to\"":\""id4\"",\""expression\"":\""Variable([String(\\\""branch_result\\\"")]) Eq 0\""},{\""from\"":\""id3\"",\""to\"":\""id6\"",\""expression\"":\""Variable([String(\\\""branch_result\\\"")]) Eq 1\""}]""}",optimization,同类装置改造效果明显，常减压装置热换网络还有优化的空间吗？; 换热网络全面改造，要最低成本; 运行费用持续上升，请帮我改造换热网络，改造的目标是运行费用最低; 换热网络改造，要运行费用最低; 现在是装置大修期，时间窗口有限，如何对常减压装置换热网络进行优化？,2025-11-22 03:10:50,2025-11-22 11:10:50.903972
optimization_18.png,"{""workflow"": ""[{\""id\"":\""id1\"",\""tool\"":\""Redesign\"",\""ability\"":\""上传数据与校验\"",\""dep\"":null},{\""id\"":\""id2\"",\""tool\"":\""Redesign\"",\""ability\"":\""识别换热器瓶颈\"",\""dep\"":[\""id1\""]},{\""id\"":\""id3\"",\""tool\"":\""Redesign\"",\""ability\"":\""指定现场限制条件\"",\""dep\"":[\""id2\""]},{\""id\"":\""id4\"",\""tool\"":\""Redesign\"",\""ability\"":\""换热器改造\"",\""dep\"":[\""id3\""]},{\""id\"":\""id6\"",\""tool\"":\""Redesign\"",\""ability\"":\""校验限制条件\"",\""dep\"":[\""id3\""]},{\""id\"":\""id7\"",\""tool\"":\""Redesign\"",\""ability\"":\""换热网络改造\"",\""dep\"":[\""id6\""]}]"", ""branch_rules"": ""[{\""from\"":\""id3\"",\""to\"":\""id6\"",\""expression\"":\""Variable([String(\\\""branch_result\\\"")]) Eq 1\""}]""}",optimization,含限制条件的换热网络重新设计方案; 施工周期紧张，请帮我在不改变现有换热网络结构的前提下，进行改造,2025-11-22 03:10:51,2025-11-22 11:10:51.029711
optimization_19.png,"{""workflow"": ""[{\""id\"":\""id1\"",\""tool\"":\""Redesign\"",\""ability\"":\""上传数据与校验\"",\""dep\"":null},{\""id\"":\""id2\"",\""tool\"":\""Redesign\"",\""ability\"":\""选择改造目标\"",\""dep\"":[\""id1\""]},{\""id\"":\""id3\"",\""tool\"":\""Redesign\"",\""ability\"":\""指定现场限制条件\"",\""dep\"":[\""id2\""]},{\""id\"":\""id4\"",\""tool\"":\""Redesign\"",\""ability\"":\""换热网络改造\"",\""dep\"":[\""id3\""]},{\""id\"":\""id6\"",\""tool\"":\""Redesign\"",\""ability\"":\""校验限制条件\"",\""dep\"":[\""id3\""]},{\""id\"":\""id7\"",\""tool\"":\""Redesign\"",\""ability\"":\""换热网络改造\"",\""dep\"":[\""id6\""]}]"", ""branch_rules"": ""[{\""from\"":\""id3\"",\""to\"":\""id4\"",\""expression\"":\""Variable([String(\\\""branch_result\\\"")]) Eq 0\""},{\""from\"":\""id3\"",\""to\"":\""id6\"",\""expression\"":\""Variable([String(\\\""branch_result\\\"")]) Eq 1\""}]""}",optimization,场地空间有限，重新设计换热网络; 投资预算有约束，重新设计换热网络; 换热网络全面改造，要最大收益; 换热网络重新设计，有现场限制; 换热网络重新设计，综合考虑各类限制因素 ... (共17个),2025-11-22 03:10:51,2025-11-22 11:10:51.140081
optimization_2.png,"{""workflow"": ""[{\""id\"":\""id1\"",\""tool\"":\""Redesign\"",\""ability\"":\""上传数据与校验\"",\""dep\"":null},{\""id\"":\""id2\"",\""tool\"":\""Redesign\"",\""ability\"":\""识别换热器瓶颈\"",\""dep\"":[\""id1\""]},{\""id\"":\""id3\"",\""tool\"":\""Redesign\"",\""ability\"":\""选择改造目标\"",\""dep\"":[\""id2\""]},{\""id\"":\""id4\"",\""tool\"":\""Redesign\"",\""ability\"":\""换热器改造\"",\""dep\"":[\""id3\""]}]"", ""branch_rules"": ""[]""}",optimization,不改变结构，只改造换热器; 不改变网络结构的换热器改造方案; 优化换热网络结构（非不改变结构改造）; 在现有换热网络结构框架内进行换热器改造; 安全生产要求，重新设计换热网络 ... (共39个),2025-11-22 03:10:49,2025-11-22 11:10:49.434172
optimization_20.png,"{""workflow"": ""[{\""id\"":\""id1\"",\""tool\"":\""Redesign\"",\""ability\"":\""上传数据与校验\"",\""dep\"":null},{\""id\"":\""id2\"",\""tool\"":\""Redesign\"",\""ability\"":\""选择改造目标\"",\""dep\"":[\""id1\""]},{\""id\"":\""id3\"",\""tool\"":\""Redesign\"",\""ability\"":\""换热网络改造\"",\""dep\"":[\""id2\""]}]"", ""branch_rules"": ""[]""}",optimization,工艺方案优化，请帮我对换热网络进行全局改造，不考虑现场限制条件; 执行换热网络全局改造，不考虑现场限制条件; 技术可行性研究，请帮我对换热网络进行全局改造，不考虑现场限制条件; 技术方案比选，请帮我对换热网络进行全局改造，不考虑现场限制条件; 换热网络全局改造方案设计，无现场限制条件约束 ... (共17个),2025-11-22 03:10:51,2025-11-22 11:10:51.481320
optimization_21.png,"{""workflow"": ""[{\""id\"":\""id1\"",\""tool\"":\""Redesign\"",\""ability\"":\""上传数据与校验\"",\""dep\"":null},{\""id\"":\""id2\"",\""tool\"":\""Redesign\"",\""ability\"":\""选择改造幅度\"",\""dep\"":[\""id1\""]},{\""id\"":\""id3\"",\""tool\"":\""Redesign\"",\""ability\"":\""识别换热器瓶颈\"",\""dep\"":[\""id2\""]},{\""id\"":\""id4\"",\""tool\"":\""Redesign\"",\""ability\"":\""换热器改造\"",\""dep\"":[\""id3\""]},{\""id\"":\""id6\"",\""tool\"":\""Redesign\"",\""ability\"":\""换热网络改造\"",\""dep\"":[\""id2\""]}]"", ""branch_rules"": ""[{\""from\"":\""id2\"",\""to\"":\""id3\"",\""expression\"":\""Variable([String(\\\""branch_result\\\"")]) Eq 0\""}]""}",optimization,成本控制压力大，请帮我改造换热网络，改造的目标是年度效益最大_运行费用最低，不考虑现场限制; 成本效益要求提高，请帮我改造换热网络，改造的目标是年度效益最大_运行费用最低，不考虑现场限制; 新装置经济性设计，请帮我改造换热网络，改造的目标是年度效益最大_运行费用最低，不考虑现场限制; 经济效益要求高，请帮我改造换热网络，改造的目标是年度效益最大_运行费用最低，不考虑现场限制; 能效提升经济性，请帮我改造换热网络，改造的目标是年度效益最大_运行费用最低，不考虑现场限制 ... (共10个),2025-11-22 03:10:51,2025-11-22 11:10:51.639308
optimization_22.png,"{""workflow"": ""[{\""id\"":\""id1\"",\""tool\"":\""Redesign\"",\""ability\"":\""上传数据与校验\"",\""dep\"":null},{\""id\"":\""id2\"",\""tool\"":\""Redesign\"",\""ability\"":\""选择改造幅度\"",\""dep\"":[\""id1\""]},{\""id\"":\""id3\"",\""tool\"":\""Redesign\"",\""ability\"":\""识别换热器瓶颈\"",\""dep\"":[\""id2\""]},{\""id\"":\""id4\"",\""tool\"":\""Redesign\"",\""ability\"":\""换热器改造\"",\""dep\"":[\""id3\""]},{\""id\"":\""id6\"",\""tool\"":\""Redesign\"",\""ability\"":\""指定现场限制条件\"",\""dep\"":[\""id2\""]},{\""id\"":\""id7\"",\""tool\"":\""Redesign\"",\""ability\"":\""换热网络改造\"",\""dep\"":[\""id6\""]},{\""id\"":\""id9\"",\""tool\"":\""Redesign\"",\""ability\"":\""校验限制条件\"",\""dep\"":[\""id6\""]},{\""id\"":\""id10\"",\""tool\"":\""Redesign\"",\""ability\"":\""换热网络改造\"",\""dep\"":[\""id9\""]}]"", ""branch_rules"": ""[{\""from\"":\""id2\"",\""to\"":\""id3\"",\""expression\"":\""Variable([String(\\\""branch_result\\\"")]) Eq 0\""},{\""from\"":\""id2\"",\""to\"":\""id6\"",\""expression\"":\""Variable([String(\\\""branch_result\\\"")]) Eq 1\""},{\""from\"":\""id6\"",\""to\"":\""id7\"",\""expression\"":\""Variable([String(\\\""branch_result\\\"")]) Eq 0\""},{\""from\"":\""id6\"",\""to\"":\""id9\"",\""expression\"":\""Variable([String(\\\""branch_result\\\"")]) Eq 1\""}]""}",optimization,成本控制压力大，请帮我改造换热网络，改造的目标是运行费用最低; 成本控制要求提高，请帮我改造换热网络，改造的目标是运行费用最低; 执行换热网络改造，目标运行费用最低化; 换热网络改造方案设计，追求运行费用最低; 换热网络改造，以运行费用最低为导向 ... (共28个),2025-11-22 03:10:51,2025-11-22 11:10:51.683686
optimization_23.png,"{""workflow"": ""[{\""id\"":\""id1\"",\""tool\"":\""Redesign\"",\""ability\"":\""上传数据与校验\"",\""dep\"":null},{\""id\"":\""id2\"",\""tool\"":\""Redesign\"",\""ability\"":\""换热网络改造\"",\""dep\"":[\""id1\""]}]"", ""branch_rules"": ""[]""}",optimization,成本控制要求严格，请帮我对换热网络进行全局改造，改造的目标是运行成本最低，不考虑现场限制; 成本控制要求提高，请帮我对换热网络进行全局改造，改造的目标是运行成本最低，不考虑现场限制; 换热网络全面改造，忽略限制; 新装置经济性设计，请帮我对换热网络进行全局改造，改造的目标是运行成本最低，不考虑现场限制; 设备更新经济性分析，请帮我对换热网络进行全局改造，改造的目标是运行成本最低，不考虑现场限制 ... (共11个),2025-11-22 03:10:52,2025-11-22 11:10:52.027112
optimization_24.png,"{""workflow"": ""[{\""id\"":\""id1\"",\""tool\"":\""Redesign\"",\""ability\"":\""上传数据与校验\"",\""dep\"":null},{\""id\"":\""id2\"",\""tool\"":\""Redesign\"",\""ability\"":\""识别换热网络瓶颈\"",\""dep\"":[\""id1\""]},{\""id\"":\""id3\"",\""tool\"":\""Redesign\"",\""ability\"":\""识别换热器瓶颈\"",\""dep\"":[\""id2\""]},{\""id\"":\""id4\"",\""tool\"":\""Redesign\"",\""ability\"":\""选择改造目标\"",\""dep\"":[\""id3\""]},{\""id\"":\""id5\"",\""tool\"":\""Redesign\"",\""ability\"":\""指定现场限制条件\"",\""dep\"":[\""id4\""]},{\""id\"":\""id6\"",\""tool\"":\""Redesign\"",\""ability\"":\""换热网络改造\"",\""dep\"":[\""id5\""]},{\""id\"":\""id8\"",\""tool\"":\""Redesign\"",\""ability\"":\""校验限制条件\"",\""dep\"":[\""id5\""]},{\""id\"":\""id9\"",\""tool\"":\""Redesign\"",\""ability\"":\""换热网络改造\"",\""dep\"":[\""id8\""]},{\""id\"":\""id11\"",\""tool\"":\""Redesign\"",\""ability\"":\""确认限制条件\"",\""dep\"":[\""id5\""]},{\""id\"":\""id12\"",\""tool\"":\""Redesign\"",\""ability\"":\""换热网络改造\"",\""dep\"":[\""id11\""]}]"", ""branch_rules"": ""[{\""from\"":\""id5\"",\""to\"":\""id6\"",\""expression\"":\""Variable([String(\\\""branch_result\\\"")]) Eq 0\""},{\""from\"":\""id5\"",\""to\"":\""id8\"",\""expression\"":\""Variable([String(\\\""branch_result\\\"")]) Eq 1\""}]""}",optimization,换热系统综合性能评估，网络与设备协同,2025-11-22 03:11:04,2025-11-22 11:11:04.389333
optimization_25.png,"{""workflow"": ""[{\""id\"":\""id1\"",\""tool\"":\""Redesign\"",\""ability\"":\""上传数据与校验\"",\""dep\"":null},{\""id\"":\""id2\"",\""tool\"":\""Redesign\"",\""ability\"":\""识别换热网络瓶颈\"",\""dep\"":[\""id1\""]},{\""id\"":\""id4\"",\""tool\"":\""Redesign\"",\""ability\"":\""识别换热器瓶颈\"",\""dep\"":[\""id2\""]}]"", ""branch_rules"": ""[]""}",optimization,换热系统综合性能评估，网络与设备协同分析; 同类装置评估效果明显，帮我评估整个换热网络的性能; 换热网络与换热器一体化性能评估; 运行多年性能基准，帮我评估整个换热网络的性能,2025-11-22 03:11:07,2025-11-22 11:11:07.842324
optimization_26.png,"{""workflow"": ""[{\""id\"":\""id1\"",\""tool\"":\""Redesign\"",\""ability\"":\""上传数据与校验\"",\""dep\"":null},{\""id\"":\""id2\"",\""tool\"":\""Redesign\"",\""ability\"":\""识别换热器瓶颈\"",\""dep\"":[\""id1\""]},{\""id\"":\""id3\"",\""tool\"":\""Redesign\"",\""ability\"":\""选择改造目标\"",\""dep\"":[\""id2\""]},{\""id\"":\""id4\"",\""tool\"":\""Redesign\"",\""ability\"":\""指定现场限制条件\"",\""dep\"":[\""id3\""]},{\""id\"":\""id5\"",\""tool\"":\""Redesign\"",\""ability\"":\""换热器改造\"",\""dep\"":[\""id4\""]},{\""id\"":\""id7\"",\""tool\"":\""Redesign\"",\""ability\"":\""校验限制条件\"",\""dep\"":[\""id4\""]},{\""id\"":\""id8\"",\""tool\"":\""Redesign\"",\""ability\"":\""换热器改造\"",\""dep\"":[\""id7\""]}]"", ""branch_rules"": ""[{\""from\"":\""id4\"",\""to\"":\""id7\"",\""expression\"":\""Variable([String(\\\""branch_result\\\"")]) Eq 1\""}]""}",optimization,改造换热器设备（非综合评估）,2025-11-22 03:11:10,2025-11-22 11:11:10.414115
optimization_27.png,"{""workflow"": ""[{\""id\"":\""id1\"",\""tool\"":\""boiler\"",\""ability\"":\""选择锅炉数据获取方式\"",\""dep\"":null},{\""id\"":\""id2\"",\""tool\"":\""boiler\"",\""ability\"":\""确定锅炉类型\"",\""dep\"":[\""id1\""]},{\""id\"":\""id3\"",\""tool\"":\""boiler\"",\""ability\"":\""控制算法执行\"",\""dep\"":[\""id2\""]},{\""id\"":\""id5\"",\""tool\"":\""boiler\"",\""ability\"":\""系统运行历史数据选择\"",\""dep\"":[\""id1\"",\""id3\""]},{\""id\"":\""id6\"",\""tool\"":\""boiler\"",\""ability\"":\""确认被控变量信息\"",\""dep\"":[\""id5\""]},{\""id\"":\""id7\"",\""tool\"":\""boiler\"",\""ability\"":\""确认操作变量信息\"",\""dep\"":[\""id6\""]},{\""id\"":\""id8\"",\""tool\"":\""boiler\"",\""ability\"":\""确认其它干扰变量信息\"",\""dep\"":[\""id7\""]},{\""id\"":\""id9\"",\""tool\"":\""boiler\"",\""ability\"":\""控制模型微调或加载\"",\""dep\"":[\""id8\""]},{\""id\"":\""id10\"",\""tool\"":\""boiler\"",\""ability\"":\""控制效果评估\"",\""dep\"":[\""id9\""]}]"", ""branch_rules"": ""[{\""from\"":\""id2\"",\""to\"":\""id3\"",\""expression\"":\""Variable([String(\\\""run_mode\\\"")]) Eq \\\""offline\\\""\""},{\""from\"":\""id3\"",\""to\"":\""id5\"",\""expression\"":\""Variable([String(\\\""is_upload_file\\\"")]) Eq true\""},{\""from\"":\""id11\"",\""to\"":\""id12\"",\""expression\"":\""Variable([String(\\\""is_upload_file\\\"")]) Eq false\""},{\""from\"":\""id11\"",\""to\"":\""id13\"",\""expression\"":\""Variable([String(\\\""is_upload_file\\\"")]) Eq true\""}]""}",optimization,查询锅炉回路当前控制方案（非设计新方案）,2025-11-22 03:11:14,2025-11-22 11:11:14.829266
optimization_28.png,"{""workflow"": ""[{\""id\"":\""id1\"",\""tool\"":\""Redesign\"",\""ability\"":\""上传数据与校验\"",\""dep\"":null},{\""id\"":\""id2\"",\""tool\"":\""Redesign\"",\""ability\"":\""识别换热器瓶颈\"",\""dep\"":[\""id1\""]},{\""id\"":\""id3\"",\""tool\"":\""Redesign\"",\""ability\"":\""选择改造目标\"",\""dep\"":[\""id2\""]},{\""id\"":\""id4\"",\""tool\"":\""Redesign\"",\""ability\"":\""换热网络改造\"",\""dep\"":[\""id3\""]}]"", ""branch_rules"": ""[]""}",optimization,概念设计阶段，请帮我对换热网络进行全局改造，不考虑现场限制条件,2025-11-22 03:11:14,2025-11-22 11:11:14.928778
optimization_29.png,"{""workflow"": ""[{\""id\"":\""id1\"",\""tool\"":\""RTO操作优化\"",\""ability\"":\""补充信息\"",\""dep\"":null},{\""id\"":\""id2\"",\""tool\"":\""RTO操作优化\"",\""ability\"":\""上传数据\"",\""dep\"":[\""id1\""]},{\""id\"":\""id3\"",\""tool\"":\""RTO操作优化\"",\""ability\"":\""确认建模信息\"",\""dep\"":[\""id2\""]},{\""id\"":\""id4\"",\""tool\"":\""RTO操作优化\"",\""ability\"":\""TPT推理计算\"",\""dep\"":[\""id3\""]}]"", ""branch_rules"": ""[{\""from\"":\""id2\"",\""to\"":\""id3\"",\""expression\"":\""Variable([String(\\\""is_contain_data\\\"")]) Eq true\""}]""}",optimization,气化炉有效气含量提升操作方案制定,2025-11-22 03:11:14,2025-11-22 11:11:14.972005
optimization_3.png,"{""workflow"": ""[{\""id\"":\""id1\"",\""tool\"":\""Redesign\"",\""ability\"":\""上传数据与校验\"",\""dep\"":null},{\""id\"":\""id2\"",\""tool\"":\""Redesign\"",\""ability\"":\""识别换热网络瓶颈\"",\""dep\"":[\""id1\""]},{\""id\"":\""id3\"",\""tool\"":\""Redesign\"",\""ability\"":\""识别换热器瓶颈\"",\""dep\"":[\""id2\""]}]"", ""branch_rules"": ""[]""}",optimization,产品方案调整后，帮我评估整个换热网络的性能; 工艺优化效果验证，帮我评估换热网络及换热器性能; 帮我评估换热网络及换热器性能; 帮我评估换热网络及换热器性能（核心意图）; 常减压装置热换网络还有优化的空间吗（核心意图） ... (共36个),2025-11-22 03:10:49,2025-11-22 11:10:49.652800
optimization_30.png,"{""workflow"": ""[{\""id\"":\""id1\"",\""tool\"":\""Redesign\"",\""ability\"":\""上传数据与校验\"",\""dep\"":null},{\""id\"":\""id2\"",\""tool\"":\""Redesign\"",\""ability\"":\""识别换热网络瓶颈\"",\""dep\"":[\""id1\""]},{\""id\"":\""id3\"",\""tool\"":\""Redesign\"",\""ability\"":\""选择改造目标\"",\""dep\"":[\""id2\""]},{\""id\"":\""id4\"",\""tool\"":\""Redesign\"",\""ability\"":\""选择改造幅度\"",\""dep\"":[\""id3\""]},{\""id\"":\""id5\"",\""tool\"":\""Redesign\"",\""ability\"":\""识别换热器瓶颈\"",\""dep\"":[\""id4\""]},{\""id\"":\""id6\"",\""tool\"":\""Redesign\"",\""ability\"":\""换热器改造\"",\""dep\"":[\""id5\""]},{\""id\"":\""id8\"",\""tool\"":\""Redesign\"",\""ability\"":\""换热网络改造\"",\""dep\"":[\""id4\""]}]"", ""branch_rules"": ""[{\""from\"":\""id4\"",\""to\"":\""id5\"",\""expression\"":\""Variable([String(\\\""branch_result\\\"")]) Eq 0\""}]""}",optimization,理论研究需要，请帮我对换热网络进行全局改造，不考虑现场限制条件; 设备选型分析，请帮我对换热网络进行全局改造，不考虑现场限制条件,2025-11-22 03:11:15,2025-11-22 11:11:15.099441
optimization_31.png,"{""workflow"": ""[{\""id\"":\""id1\"",\""tool\"":\""Redesign\"",\""ability\"":\""上传数据与校验\"",\""dep\"":null},{\""id\"":\""id2\"",\""tool\"":\""Redesign\"",\""ability\"":\""识别换热器瓶颈\"",\""dep\"":[\""id1\""]},{\""id\"":\""id3\"",\""tool\"":\""Redesign\"",\""ability\"":\""选择改造目标\"",\""dep\"":[\""id2\""]},{\""id\"":\""id4\"",\""tool\"":\""Redesign\"",\""ability\"":\""指定现场限制条件\"",\""dep\"":[\""id3\""]},{\""id\"":\""id5\"",\""tool\"":\""Redesign\"",\""ability\"":\""换热网络改造\"",\""dep\"":[\""id4\""]},{\""id\"":\""id7\"",\""tool\"":\""Redesign\"",\""ability\"":\""校验限制条件\"",\""dep\"":[\""id4\""]},{\""id\"":\""id8\"",\""tool\"":\""Redesign\"",\""ability\"":\""换热网络改造\"",\""dep\"":[\""id7\""]}]"", ""branch_rules"": ""[{\""from\"":\""id4\"",\""to\"":\""id5\"",\""expression\"":\""Variable([String(\\\""branch_result\\\"")]) Eq 0\""},{\""from\"":\""id4\"",\""to\"":\""id7\"",\""expression\"":\""Variable([String(\\\""branch_result\\\"")]) Eq 1\""}]""}",optimization,维护换热系统（非综合评估）; 装置布局限制较多，重新设计换热网络; 装置设计阶段，常减压装置热换网络还有优化的空间吗？; 施工周期紧张，重新设计换热网络,2025-11-22 03:11:15,2025-11-22 11:11:15.172042
optimization_32.png,"{""workflow"": ""[{\""id\"":\""id1\"",\""tool\"":\""Redesign\"",\""ability\"":\""上传数据与校验\"",\""dep\"":null},{\""id\"":\""id2\"",\""tool\"":\""Redesign\"",\""ability\"":\""识别换热器瓶颈\"",\""dep\"":[\""id1\""]},{\""id\"":\""id3\"",\""tool\"":\""Redesign\"",\""ability\"":\""选择改造目标\"",\""dep\"":[\""id2\""]},{\""id\"":\""id4\"",\""tool\"":\""Redesign\"",\""ability\"":\""选择改造幅度\"",\""dep\"":[\""id3\""]},{\""id\"":\""id5\"",\""tool\"":\""Redesign\"",\""ability\"":\""换热器改造\"",\""dep\"":[\""id4\""]},{\""id\"":\""id7\"",\""tool\"":\""Redesign\"",\""ability\"":\""指定现场限制条件\"",\""dep\"":[\""id4\""]},{\""id\"":\""id8\"",\""tool\"":\""Redesign\"",\""ability\"":\""换热网络改造\"",\""dep\"":[\""id7\""]},{\""id\"":\""id10\"",\""tool\"":\""Redesign\"",\""ability\"":\""校验限制条件\"",\""dep\"":[\""id7\""]},{\""id\"":\""id11\"",\""tool\"":\""Redesign\"",\""ability\"":\""换热网络改造\"",\""dep\"":[\""id10\""]}]"", ""branch_rules"": ""[{\""from\"":\""id4\"",\""to\"":\""id7\"",\""expression\"":\""Variable([String(\\\""branch_result\\\"")]) Eq 1\""},{\""from\"":\""id7\"",\""to\"":\""id8\"",\""expression\"":\""Variable([String(\\\""branch_result\\\"")]) Eq 0\""},{\""from\"":\""id7\"",\""to\"":\""id10\"",\""expression\"":\""Variable([String(\\\""branch_result\\\"")]) Eq 1\""}]""}",optimization,维护换热网络设备（非评估）,2025-11-22 03:11:15,2025-11-22 11:11:15.208541
optimization_33.png,"{""workflow"": ""[{\""id\"":\""id1\"",\""tool\"":\""Redesign\"",\""ability\"":\""上传数据与校验\"",\""dep\"":null},{\""id\"":\""id2\"",\""tool\"":\""Redesign\"",\""ability\"":\""识别换热网络瓶颈\"",\""dep\"":[\""id1\""]},{\""id\"":\""id3\"",\""tool\"":\""Redesign\"",\""ability\"":\""选择改造目标\"",\""dep\"":[\""id2\""]},{\""id\"":\""id4\"",\""tool\"":\""Redesign\"",\""ability\"":\""指定现场限制条件\"",\""dep\"":[\""id3\""]},{\""id\"":\""id5\"",\""tool\"":\""Redesign\"",\""ability\"":\""换热网络改造\"",\""dep\"":[\""id4\""]},{\""id\"":\""id7\"",\""tool\"":\""Redesign\"",\""ability\"":\""校验限制条件\"",\""dep\"":[\""id4\""]},{\""id\"":\""id8\"",\""tool\"":\""Redesign\"",\""ability\"":\""换热网络改造\"",\""dep\"":[\""id7\""]}]"", ""branch_rules"": ""[{\""from\"":\""id4\"",\""to\"":\""id5\"",\""expression\"":\""Variable([String(\\\""branch_result\\\"")]) Eq 0\""},{\""from\"":\""id4\"",\""to\"":\""id7\"",\""expression\"":\""Variable([String(\\\""branch_result\\\"")]) Eq 1\""}]""}",optimization,节能技术改造项目，常减压装置热换网络还有优化的空间吗？; 原料性质变化后，常减压装置热换网络还有优化的空间吗？; 现在是装置大修期，时间窗口有限，如何对常减压装置换热网络进行优化？; 装置布局限制较多，重新设计换热网络; 常减压装置热换网络还有优化的空间吗（核心意图）,2025-11-22 03:11:15,2025-11-22 11:11:15.291178
optimization_34.png,"{""workflow"": ""[{\""id\"":\""id1\"",\""tool\"":\""Redesign\"",\""ability\"":\""上传数据与校验\"",\""dep\"":null},{\""id\"":\""id2\"",\""tool\"":\""Redesign\"",\""ability\"":\""识别换热网络瓶颈\"",\""dep\"":[\""id1\""]},{\""id\"":\""id3\"",\""tool\"":\""Redesign\"",\""ability\"":\""选择改造幅度\"",\""dep\"":[\""id2\""]},{\""id\"":\""id4\"",\""tool\"":\""Redesign\"",\""ability\"":\""识别换热器瓶颈\"",\""dep\"":[\""id3\""]},{\""id\"":\""id5\"",\""tool\"":\""Redesign\"",\""ability\"":\""换热器改造\"",\""dep\"":[\""id4\""]},{\""id\"":\""id7\"",\""tool\"":\""Redesign\"",\""ability\"":\""换热网络改造\"",\""dep\"":[\""id3\""]}]"", ""branch_rules"": ""[{\""from\"":\""id3\"",\""to\"":\""id4\"",\""expression\"":\""Variable([String(\\\""branch_result\\\"")]) Eq 0\""}]""}",optimization,设备更新经济性分析，请帮我改造换热网络，改造的目标是年度效益最大_运行费用最低，不考虑现场限制,2025-11-22 03:11:15,2025-11-22 11:11:15.352429
optimization_35.png,"{""workflow"": ""[{\""id\"":\""id1\"",\""tool\"":\""Redesign\"",\""ability\"":\""上传数据与校验\"",\""dep\"":null},{\""id\"":\""id2\"",\""tool\"":\""Redesign\"",\""ability\"":\""识别换热网络瓶颈\"",\""dep\"":[\""id1\""]},{\""id\"":\""id3\"",\""tool\"":\""Redesign\"",\""ability\"":\""选择改造目标\"",\""dep\"":[\""id2\""]},{\""id\"":\""id4\"",\""tool\"":\""Redesign\"",\""ability\"":\""选择改造幅度\"",\""dep\"":[\""id3\""]},{\""id\"":\""id5\"",\""tool\"":\""Redesign\"",\""ability\"":\""识别换热器瓶颈\"",\""dep\"":[\""id4\""]},{\""id\"":\""id6\"",\""tool\"":\""Redesign\"",\""ability\"":\""换热器改造\"",\""dep\"":[\""id5\""]},{\""id\"":\""id7\"",\""tool\"":\""Redesign\"",\""ability\"":\""换热网络改造\"",\""dep\"":[\""id6\""]},{\""id\"":\""id8\"",\""tool\"":\""Redesign\"",\""ability\"":\""end\"",\""dep\"":[\""id7\""]},{\""id\"":\""id9\"",\""tool\"":\""Redesign\"",\""ability\"":\""换热网络改造\"",\""dep\"":[\""id4\""]},{\""id\"":\""id10\"",\""tool\"":\""Redesign\"",\""ability\"":\""end\"",\""dep\"":[\""id9\""]}]"", ""branch_rules"": ""[{\""from\"":\""id4\"",\""to\"":\""id5\"",\""expression\"":\""Variable([String(\\\""branch_result\\\"")]) Eq 0\""}]""}",optimization,设备选型分析，请帮我对换热网络进行全局改造，不考虑现场限制条件,2025-11-22 03:11:15,2025-11-22 11:11:15.389617
optimization_36.png,"{""workflow"": ""[{\""id\"":\""id1\"",\""tool\"":\""boiler\"",\""ability\"":\""选择锅炉数据获取方式\"",\""dep\"":null},{\""id\"":\""id2\"",\""tool\"":\""boiler\"",\""ability\"":\""确定锅炉类型\"",\""dep\"":[\""id1\""]},{\""id\"":\""id3\"",\""tool\"":\""boiler\"",\""ability\"":\""系统运行历史数据选择\"",\""dep\"":[\""id2\""]},{\""id\"":\""id4\"",\""tool\"":\""boiler\"",\""ability\"":\""确认被控变量信息\"",\""dep\"":[\""id3\""]},{\""id\"":\""id5\"",\""tool\"":\""boiler\"",\""ability\"":\""确认操作变量信息\"",\""dep\"":[\""id4\"",\""id3\""]},{\""id\"":\""id6\"",\""tool\"":\""boiler\"",\""ability\"":\""确认其它干扰变量信息\"",\""dep\"":[\""id5\""]},{\""id\"":\""id7\"",\""tool\"":\""boiler\"",\""ability\"":\""控制模型微调或加载\"",\""dep\"":[\""id6\""]},{\""id\"":\""id8\"",\""tool\"":\""boiler\"",\""ability\"":\""控制效果评估\"",\""dep\"":[\""id7\""]},{\""id\"":\""id10\"",\""tool\"":\""boiler\"",\""ability\"":\""确定锅炉类型\"",\""dep\"":[\""id1\""]},{\""id\"":\""id11\"",\""tool\"":\""boiler\"",\""ability\"":\""系统运行历史数据选择\"",\""dep\"":[\""id10\"",\""id2\""]},{\""id\"":\""id12\"",\""tool\"":\""boiler\"",\""ability\"":\""确认被控变量信息\"",\""dep\"":[\""id11\""]},{\""id\"":\""id13\"",\""tool\"":\""boiler\"",\""ability\"":\""确认操作变量信息\"",\""dep\"":[\""id12\"",\""id11\""]},{\""id\"":\""id14\"",\""tool\"":\""boiler\"",\""ability\"":\""确认其它干扰变量信息\"",\""dep\"":[\""id13\""]},{\""id\"":\""id15\"",\""tool\"":\""boiler\"",\""ability\"":\""控制模型微调或加载\"",\""dep\"":[\""id14\""]},{\""id\"":\""id16\"",\""tool\"":\""boiler\"",\""ability\"":\""控制效果评估\"",\""dep\"":[\""id15\""]},{\""id\"":\""id18\"",\""tool\"":\""boiler\"",\""ability\"":\""控制模型加载\"",\""dep\"":[\""id15\""]},{\""id\"":\""id19\"",\""tool\"":\""boiler\"",\""ability\"":\""控制算法执行\"",\""dep\"":[\""id18\""]}]"", ""branch_rules"": ""[{\""from\"":\""id2\"",\""to\"":\""id3\"",\""expression\"":\""Variable([String(\\\""run_mode\\\"")]) Eq \\\""offline\\\""\""},{\""from\"":\""id3\"",\""to\"":\""id4\"",\""expression\"":\""Variable([String(\\\""is_upload_file\\\"")]) Eq false\""},{\""from\"":\""id11\"",\""to\"":\""id12\"",\""expression\"":\""Variable([String(\\\""is_upload_file\\\"")]) Eq false\""},{\""from\"":\""id2\"",\""to\"":\""id11\"",\""expression\"":\""Variable([String(\\\""run_mode\\\"")]) Eq \\\""online\\\""\""},{\""from\"":\""id3\"",\""to\"":\""id5\"",\""expression\"":\""Variable([String(\\\""is_upload_file\\\"")]) Eq true\""},{\""from\"":\""id11\"",\""to\"":\""id13\"",\""expression\"":\""Variable([String(\\\""is_upload_file\\\"")]) Eq true\""}]""}",optimization,锅炉智能控制，AI方案帮我设计,2025-11-22 03:11:15,2025-11-22 11:11:15.553937
optimization_4.png,"{""workflow"": ""[{\""id\"":\""id1\"",\""tool\"":\""Redesign\"",\""ability\"":\""上传数据与校验\"",\""dep\"":null},{\""id\"":\""id2\"",\""tool\"":\""Redesign\"",\""ability\"":\""选择改造目标\"",\""dep\"":[\""id1\""]},{\""id\"":\""id3\"",\""tool\"":\""Redesign\"",\""ability\"":\""选择改造幅度\"",\""dep\"":[\""id2\""]},{\""id\"":\""id4\"",\""tool\"":\""Redesign\"",\""ability\"":\""识别换热器瓶颈\"",\""dep\"":[\""id3\""]},{\""id\"":\""id5\"",\""tool\"":\""Redesign\"",\""ability\"":\""换热器改造\"",\""dep\"":[\""id4\""]},{\""id\"":\""id7\"",\""tool\"":\""Redesign\"",\""ability\"":\""指定现场限制条件\"",\""dep\"":[\""id3\""]},{\""id\"":\""id8\"",\""tool\"":\""Redesign\"",\""ability\"":\""换热网络改造\"",\""dep\"":[\""id7\""]},{\""id\"":\""id10\"",\""tool\"":\""Redesign\"",\""ability\"":\""校验限制条件\"",\""dep\"":[\""id7\""]},{\""id\"":\""id11\"",\""tool\"":\""Redesign\"",\""ability\"":\""换热网络改造\"",\""dep\"":[\""id10\""]}]"", ""branch_rules"": ""[{\""from\"":\""id3\"",\""to\"":\""id4\"",\""expression\"":\""Variable([String(\\\""branch_result\\\"")]) Eq 0\""},{\""from\"":\""id3\"",\""to\"":\""id7\"",\""expression\"":\""Variable([String(\\\""branch_result\\\"")]) Eq 1\""},{\""from\"":\""id7\"",\""to\"":\""id8\"",\""expression\"":\""Variable([String(\\\""branch_result\\\"")]) Eq 0\""},{\""from\"":\""id7\"",\""to\"":\""id10\"",\""expression\"":\""Variable([String(\\\""branch_result\\\"")]) Eq 1\""}]""}",optimization,产品方案调整时，请帮我对换热网络进行改造; 优化换热网络参数（非评估）; 全局改造换热网络，收益最大化; 原料性质变化后，如何对常减压装置换热网络进行优化？; 同类装置改造效果显著，我们也需要跟进，如何对常减压装置换热网络进行优化？ ... (共47个),2025-11-22 03:10:49,2025-11-22 11:10:49.698345
optimization_5.png,"{""workflow"": ""[{\""id\"":\""id1\"",\""tool\"":\""Redesign\"",\""ability\"":\""上传数据与校验\"",\""dep\"":null},{\""id\"":\""id2\"",\""tool\"":\""Redesign\"",\""ability\"":\""识别换热网络瓶颈\"",\""dep\"":[\""id1\""]},{\""id\"":\""id3\"",\""tool\"":\""Redesign\"",\""ability\"":\""选择改造目标\"",\""dep\"":[\""id2\""]},{\""id\"":\""id4\"",\""tool\"":\""Redesign\"",\""ability\"":\""选择改造幅度\"",\""dep\"":[\""id3\""]},{\""id\"":\""id5\"",\""tool\"":\""Redesign\"",\""ability\"":\""识别换热器瓶颈\"",\""dep\"":[\""id4\""]},{\""id\"":\""id6\"",\""tool\"":\""Redesign\"",\""ability\"":\""换热器改造\"",\""dep\"":[\""id5\""]},{\""id\"":\""id8\"",\""tool\"":\""Redesign\"",\""ability\"":\""指定现场限制条件\"",\""dep\"":[\""id4\""]},{\""id\"":\""id9\"",\""tool\"":\""Redesign\"",\""ability\"":\""换热网络改造\"",\""dep\"":[\""id8\""]},{\""id\"":\""id11\"",\""tool\"":\""Redesign\"",\""ability\"":\""校验限制条件\"",\""dep\"":[\""id8\""]},{\""id\"":\""id12\"",\""tool\"":\""Redesign\"",\""ability\"":\""换热网络改造\"",\""dep\"":[\""id11\""]}]"", ""branch_rules"": ""[{\""from\"":\""id4\"",\""to\"":\""id5\"",\""expression\"":\""Variable([String(\\\""branch_result\\\"")]) Eq 0\""},{\""from\"":\""id4\"",\""to\"":\""id8\"",\""expression\"":\""Variable([String(\\\""branch_result\\\"")]) Eq 1\""},{\""from\"":\""id8\"",\""to\"":\""id9\"",\""expression\"":\""Variable([String(\\\""branch_result\\\"")]) Eq 0\""},{\""from\"":\""id8\"",\""to\"":\""id11\"",\""expression\"":\""Variable([String(\\\""branch_result\\\"")]) Eq 1\""}]""}",optimization,产品方案调整需求，请帮我评估整个换热网络的性能，并进行改造; 执行换热网络性能评估与改造优化综合流程; 换热网络优化改造，针对常减压装置工艺特点; 换热网络性能评估与优化改造综合方案; 整个换热网络性能评估及后续改造方案制定 ... (共15个),2025-11-22 03:10:49,2025-11-22 11:10:49.741734
optimization_6.png,"{""workflow"": ""[{\""id\"":\""id1\"",\""tool\"":\""Redesign\"",\""ability\"":\""上传数据与校验\"",\""dep\"":null},{\""id\"":\""id2\"",\""tool\"":\""Redesign\"",\""ability\"":\""识别换热器瓶颈\"",\""dep\"":[\""id1\""]}]"", ""branch_rules"": ""[]""}",optimization,优化换热器操作（非性能评估）; 单个换热器性能评估; 单个换热器性能评估与分析; 同类设备对比分析，帮我评估换热器的性能; 定期性能监测，帮我评估换热器的性能 ... (共34个),2025-11-22 03:10:49,2025-11-22 11:10:49.862264
optimization_7.png,"{""workflow"": ""[{\""id\"":\""id1\"",\""tool\"":\""Redesign\"",\""ability\"":\""上传数据与校验\"",\""dep\"":null},{\""id\"":\""id2\"",\""tool\"":\""Redesign\"",\""ability\"":\""识别换热器瓶颈\"",\""dep\"":[\""id1\""]},{\""id\"":\""id3\"",\""tool\"":\""Redesign\"",\""ability\"":\""换热器改造\"",\""dep\"":[\""id2\""]}]"", ""branch_rules"": ""[]""}",optimization,优化换热网络参数（非全局改造）; 优化换热网络参数（非改造）; 优化换热网络参数（非重新设计）; 局部改造换热网络（非全局改造）; 性能提升要求，请帮我在不改变现有换热网络结构的前提下，进行改造，改造的目标是年度效益最大_运行费用最低 ... (共22个),2025-11-22 03:10:49,2025-11-22 11:10:49.907378
optimization_8.png,"{""workflow"": ""[{\""id\"":\""id1\"",\""tool\"":\""boiler\"",\""ability\"":\""控制模型加载\"",\""dep\"":null}]"", ""branch_rules"": ""[]""}",optimization,修改气化炉模型氧气进料参数（非鲁棒性验证）,2025-11-22 03:10:50,2025-11-22 11:10:50.093954
optimization_9.png,"{""workflow"": ""[{\""id\"":\""id1\"",\""tool\"":\""boiler\"",\""ability\"":\""选择锅炉数据获取方式\"",\""dep\"":null},{\""id\"":\""id2\"",\""tool\"":\""boiler\"",\""ability\"":\""确定锅炉类型\"",\""dep\"":[\""id1\""]},{\""id\"":\""id3\"",\""tool\"":\""boiler\"",\""ability\"":\""系统运行历史数据选择\"",\""dep\"":[\""id2\""]},{\""id\"":\""id4\"",\""tool\"":\""boiler\"",\""ability\"":\""确认被控变量信息\"",\""dep\"":[\""id3\""]},{\""id\"":\""id5\"",\""tool\"":\""boiler\"",\""ability\"":\""确认操作变量信息\"",\""dep\"":[\""id4\"",\""id3\""]},{\""id\"":\""id6\"",\""tool\"":\""boiler\"",\""ability\"":\""确认其它干扰变量信息\"",\""dep\"":[\""id5\""]},{\""id\"":\""id7\"",\""tool\"":\""boiler\"",\""ability\"":\""控制模型微调或加载\"",\""dep\"":[\""id6\""]},{\""id\"":\""id8\"",\""tool\"":\""boiler\"",\""ability\"":\""控制效果评估\"",\""dep\"":[\""id7\""]},{\""id\"":\""id10\"",\""tool\"":\""boiler\"",\""ability\"":\""确定锅炉类型\"",\""dep\"":[\""id1\""]},{\""id\"":\""id11\"",\""tool\"":\""boiler\"",\""ability\"":\""确认被控变量信息\"",\""dep\"":[\""id10\"",\""id2\""]},{\""id\"":\""id12\"",\""tool\"":\""boiler\"",\""ability\"":\""确认操作变量信息\"",\""dep\"":[\""id11\""]},{\""id\"":\""id13\"",\""tool\"":\""boiler\"",\""ability\"":\""确认其它干扰变量信息\"",\""dep\"":[\""id12\"",\""id11\""]},{\""id\"":\""id14\"",\""tool\"":\""boiler\"",\""ability\"":\""控制模型加载\"",\""dep\"":[\""id13\""]},{\""id\"":\""id15\"",\""tool\"":\""boiler\"",\""ability\"":\""控制算法执行\"",\""dep\"":[\""id14\""]}]"", ""branch_rules"": ""[{\""from\"":\""id2\"",\""to\"":\""id3\"",\""expression\"":\""Variable([String(\\\""run_mode\\\"")]) Eq \\\""offline\\\""\""},{\""from\"":\""id3\"",\""to\"":\""id4\"",\""expression\"":\""Variable([String(\\\""is_upload_file\\\"")]) Eq false\""},{\""from\"":\""id11\"",\""to\"":\""id12\"",\""expression\"":\""Variable([String(\\\""is_upload_file\\\"")]) Eq false\""},{\""from\"":\""id2\"",\""to\"":\""id11\"",\""expression\"":\""Variable([String(\\\""run_mode\\\"")]) Eq \\\""online\\\""\""},{\""from\"":\""id3\"",\""to\"":\""id5\"",\""expression\"":\""Variable([String(\\\""is_upload_file\\\"")]) Eq true\""},{\""from\"":\""id11\"",\""to\"":\""id13\"",\""expression\"":\""Variable([String(\\\""is_upload_file\\\"")]) Eq true\""}]""}",optimization,修改锅炉回路现有控制方案（非设计新方案）; 基于AI的锅炉运行控制方案设计，提升运行效果; 当前锅炉运行效果不好，帮我用AI进行运行控制; 我想实现锅炉回路的智能控制，帮我设计控制方案; 执行锅炉与电解槽AI智能控制方案设计流程 ... (共36个),2025-11-22 03:10:50,2025-11-22 11:10:50.130809
prediction_1.png,"{""workflow"": ""[{\""id\"":\""id1\"",\""tool\"":\""离子膜寿命预测\"",\""ability\"":\""补充信息\"",\""dep\"":null},{\""id\"":\""id2\"",\""tool\"":\""离子膜寿命预测\"",\""ability\"":\""上传数据\"",\""dep\"":[\""id1\""]},{\""id\"":\""id3\"",\""tool\"":\""离子膜寿命预测\"",\""ability\"":\""离子膜寿命预测\"",\""dep\"":[\""id2\""]}]"", ""branch_rules"": ""[]""}",prediction,1号电解槽离子膜什么时候换最划算; 1号电解槽离子膜剩余寿命预测与更换时机经济效益分析; 1号电解槽离子膜更换时机预测，基于经济效益最优原则; 1号电解槽离子膜，预测寿命和更换时机; 帮我预测一下离子膜使用寿命 ... (共28个),2025-11-22 03:10:48,2025-11-22 11:10:48.505903
prediction_2.png,"{""workflow"": ""[{\""id\"":\""id1\"",\""tool\"":\""APC\"",\""ability\"":\""辨识模型矩阵\"",\""dep\"":null},{\""id\"":\""id3\"",\""tool\"":\""APC\"",\""ability\"":\""辨识模型数据\"",\""dep\"":[\""id1\""]}]"", ""branch_rules"": ""[{\""from\"":\""id1\"",\""to\"":\""id3\"",\""expression\"":\""Variable([String(\\\""identEndFlag\\\"")]) Eq \\\""1\\\""\""}]""}",prediction,APC模型创建与数据辨识，构建完整过程控制模型; APC模型创建，包含数据辨识; APC模型创建，包含矩阵和数据辨识; APC模型创建，基于矩阵辨识和数据辨识的综合方法; APC模型构建，完成矩阵辨识和数据辨识全过程 ... (共71个),2025-11-22 03:10:48,2025-11-22 11:10:48.615004
prediction_3.png,"{""workflow"": ""[{\""id\"":\""id1\"",\""tool\"":\""自动建模预测\"",\""ability\"":\""补充信息\"",\""dep\"":null},{\""id\"":\""id2\"",\""tool\"":\""自动建模预测\"",\""ability\"":\""上传数据\"",\""dep\"":[\""id1\""]},{\""id\"":\""id3\"",\""tool\"":\""自动建模预测\"",\""ability\"":\""确认建模信息\"",\""dep\"":[\""id2\""]},{\""id\"":\""id4\"",\""tool\"":\""自动建模预测\"",\""ability\"":\""TPT推理计算\"",\""dep\"":[\""id3\""]},{\""id\"":\""id6\"",\""tool\"":\""自动建模预测\"",\""ability\"":\""配置方案\"",\""dep\"":[\""id1\""]},{\""id\"":\""id7\"",\""tool\"":\""自动建模预测\"",\""ability\"":\""实时计算\"",\""dep\"":[\""id6\""]}]"", ""branch_rules"": ""[{\""from\"":\""id1\"",\""to\"":\""id2\"",\""expression\"":\""Variable([String(\\\""opt_model_selected\\\"")]) Eq false\""},{\""from\"":\""id2\"",\""to\"":\""id3\"",\""expression\"":\""Variable([String(\\\""is_contain_data\\\"")]) Eq true\""},{\""from\"":\""id1\"",\""to\"":\""id6\"",\""expression\"":\""Variable([String(\\\""opt_model_selected\\\"")]) Eq true\""}]""}",prediction,C2H2含量及乙烯收率实时预测，时间范围未来10分钟，针对裂解炉裂解气; C2H2含量和乙烯收率，10分钟预测值; 原料切换过程中，我想知道裂解炉未来10分钟的裂解气中C2H2的含量、乙烯收率，你有什么好的办法吗？; 原料性质稳定，进料流量正常，裂解炉未来10分钟的裂解气中C2H2的含量、乙烯收率的数值是多少_; 实时预测裂解炉未来10分钟裂解气组分，含C2H2含量及乙烯收率 ... (共22个),2025-11-22 03:10:48,2025-11-22 11:10:48.653912
prediction_4.png,"{""workflow"": ""[{\""id\"":\""id1\"",\""tool\"":\""alarm_pred预测预警\"",\""ability\"":\""补充信息\"",\""dep\"":null},{\""id\"":\""id2\"",\""tool\"":\""alarm_pred预测预警\"",\""ability\"":\""上传数据\"",\""dep\"":[\""id1\""]},{\""id\"":\""id3\"",\""tool\"":\""alarm_pred预测预警\"",\""ability\"":\""确认建模信息\"",\""dep\"":[\""id2\""]},{\""id\"":\""id4\"",\""tool\"":\""alarm_pred预测预警\"",\""ability\"":\""TPT推理计算\"",\""dep\"":[\""id3\""]},{\""id\"":\""id6\"",\""tool\"":\""alarm_pred预测预警\"",\""ability\"":\""配置方案\"",\""dep\"":[\""id1\""]},{\""id\"":\""id7\"",\""tool\"":\""alarm_pred预测预警\"",\""ability\"":\""实时计算\"",\""dep\"":[\""id6\""]}]"", ""branch_rules"": ""[{\""from\"":\""id1\"",\""to\"":\""id2\"",\""expression\"":\""Variable([String(\\\""opt_model_selected\\\"")]) Eq false\""},{\""from\"":\""id2\"",\""to\"":\""id3\"",\""expression\"":\""Variable([String(\\\""is_contain_data\\\"")]) Eq true\""},{\""from\"":\""id1\"",\""to\"":\""id6\"",\""expression\"":\""Variable([String(\\\""opt_model_selected\\\"")]) Eq true\""}]""}",prediction,H2S浓度异常检测与超限风险预测，针对二级硫冷凝器出口气体; H2S浓度异常检测，包含近期数据异常判断及未来超限风险预测; H2S浓度最近正常吗，未来会不会超标; 二级硫冷凝器H2S浓度有没有异常，以后会超限吗; 二级硫冷凝器出口H2S浓度数据异常分析及未来超限风险评估 ... (共27个),2025-11-22 03:10:48,2025-11-22 11:10:48.925821
prediction_5.png,"{""workflow"": ""[{\""id\"":\""id1\"",\""tool\"":\""APC\"",\""ability\"":\""辨识模型矩阵\"",\""dep\"":null}]"", ""branch_rules"": ""[]""}",prediction,创建基础控制模型，仅矩阵辨识; 备份气化炉模型数据（非模拟验证）; 修改APC过程控制模型参数（非创建模型）; 执行基础控制模型创建流程，仅包含矩阵辨识环节; 查询气化炉模型氧气进料参数（非鲁棒性验证） ... (共6个),2025-11-22 03:10:50,2025-11-22 11:10:50.593011
prediction_6.png,"{""workflow"": ""[{\""id\"":\""id1\"",\""tool\"":\""APC\"",\""ability\"":\""辨识模型矩阵\"",\""dep\"":null},{\""id\"":\""id2\"",\""tool\"":\""APC\"",\""ability\"":\""辨识模型数据\"",\""dep\"":[\""id1\""]}]"", ""branch_rules"": ""[]""}",prediction,工程师时间充足，专注建模，帮我创建一个控制模型; 矩阵+数据辨识方式创建APC模型; 软硬件环境调试完成，运行稳定，帮我创建一个APC模型; 产品质量提升需求，帮我创建一个过程控制模型; APC模型创建，基于矩阵辨识和数据辨识的综合方法 ... (共7个),2025-11-22 03:10:51,2025-11-22 11:10:51.436882
prediction_7.png,"{""workflow"": ""[{\""id\"":\""id1\"",\""tool\"":\""APC\"",\""ability\"":\""辨识模型数据\"",\""dep\"":null}]"", ""branch_rules"": ""[]""}",prediction,现在是项目启动阶段，资源充足，帮我创建一个APC过程模型; 验证APC模型准确性（非创建模型）; 执行APC过程控制模型创建流程，包含数据辨识环节,2025-11-22 03:11:15,2025-11-22 11:11:15.054974
simulation_1.png,"{""workflow"": ""[{\""id\"":\""id1\"",\""tool\"":\""OTS\"",\""ability\"":\""生成工艺模型并执行\"",\""dep\"":null},{\""id\"":\""id2\"",\""tool\"":\""OTS\"",\""ability\"":\""模拟设备参数值\"",\""dep\"":[\""id1\""]}]"", ""branch_rules"": ""[]""}",simulation,DCS系统运行正常，数据采集准确，帮我模拟验证气化炉模型在仿真状态下的稳态工况，除了数据结果外，请同时生成关键参数（如温度、压力、合成气成分）的趋势曲线图和数据表格; 加压精馏模型验证一下，输出稳态结果; 多煤种（烟煤、褐煤、石油焦）条件下气化炉模型稳态工况对比验证; 对加压精馏模型进行稳态工况模拟验证，生成仿真验证报告; 帮我模拟验证一下气化炉模型 ... (共19个),2025-11-22 03:10:48,2025-11-22 11:10:48.697666
simulation_2.png,"{""workflow"": ""[{\""id\"":\""id1\"",\""tool\"":\""OTS\"",\""ability\"":\""生成工艺模型并执行\"",\""dep\"":null},{\""id\"":\""id2\"",\""tool\"":\""OTS\"",\""ability\"":\""模拟设备参数值\"",\""dep\"":[\""id1\""]},{\""id\"":\""id3\"",\""tool\"":\""OTS\"",\""ability\"":\""加载工况\"",\""dep\"":[\""id2\""]},{\""id\"":\""id4\"",\""tool\"":\""OTS\"",\""ability\"":\""模拟设备参数值\"",\""dep\"":[\""id3\""]},{\""id\"":\""id5\"",\""tool\"":\""OTS\"",\""ability\"":\""查看流程图\"",\""dep\"":[\""id4\""]}]"", ""branch_rules"": ""[]""}",simulation,刚完成设备巡检，一切正常，帮我模拟验证一下加压精馏模型，在仿真状态下输出稳态工况验证结果; 工艺参数调整后，请对气化炉的仿真模型进行稳态模拟，并给出工况标定的验证报告; 帮我模拟验证一下加压精馏模型，在仿真状态下输出稳态工况验证结果; 帮我模拟验证一下气化炉模型，在仿真状态下输出稳态工况验证结果; 执行气化炉工艺装置稳态工况模拟验证，输出仿真状态下的验证结果 ... (共18个),2025-11-22 03:10:50,2025-11-22 11:10:50.450387
simulation_3.png,"{""workflow"": ""[{\""id\"":\""id1\"",\""tool\"":\""OTS\"",\""ability\"":\""生成工艺模型并执行\"",\""dep\"":null},{\""id\"":\""id2\"",\""tool\"":\""OTS\"",\""ability\"":\""模拟设备参数值\"",\""dep\"":[\""id1\""]},{\""id\"":\""id3\"",\""tool\"":\""OTS\"",\""ability\"":\""查看流程图\"",\""dep\"":[\""id2\""]}]"", ""branch_rules"": ""[]""}",simulation,在给定的三种不同煤种（烟煤、褐煤、石油焦）作为进料的前提下，分别模拟验证气化炉模型在仿真环境下的稳态工况，并对比分析验证结果; 帮我模拟验证一下气化炉模型（核心意图）; 装置停车检修前，帮我模拟验证气化炉模型在仿真状态下的稳态工况，除了数据结果外，请同时生成关键参数（如温度、压力、合成气成分）的趋势曲线图和数据表格; 气化炉模型鲁棒性模拟验证，输入条件为氧气进料量小幅随机波动，输出敏感参数分析; 如果气化炉模型的氧气进料量出现小幅随机波动，模拟验证其稳态工况的鲁棒性，并指出哪些输出参数最敏感 ... (共9个),2025-11-22 03:10:51,2025-11-22 11:10:51.094654
simulation_4.png,"{""workflow"": ""[{\""id\"":\""id1\"",\""tool\"":\""OTS\"",\""ability\"":\""检测评分服务状态\"",\""dep\"":null},{\""id\"":\""id2\"",\""tool\"":\""OTS\"",\""ability\"":\""生成工艺模型并执行\"",\""dep\"":[\""id1\""]},{\""id\"":\""id3\"",\""tool\"":\""OTS\"",\""ability\"":\""模拟设备参数值\"",\""dep\"":[\""id2\""]},{\""id\"":\""id4\"",\""tool\"":\""OTS\"",\""ability\"":\""加载工况\"",\""dep\"":[\""id3\""]},{\""id\"":\""id5\"",\""tool\"":\""OTS\"",\""ability\"":\""查看流程图\"",\""dep\"":[\""id4\""]},{\""id\"":\""id6\"",\""tool\"":\""OTS\"",\""ability\"":\""检测评分服务状态\"",\""dep\"":[\""id5\""]},{\""id\"":\""id7\"",\""tool\"":\""OTS\"",\""ability\"":\""查询考试成绩\"",\""dep\"":[\""id6\""]}]"", ""branch_rules"": ""[]""}",simulation,备份考试题目（非生成）,2025-11-22 03:10:51,2025-11-22 11:10:51.259398
simulation_5.png,"{""workflow"": ""[{\""id\"":\""id1\"",\""tool\"":\""OTS\"",\""ability\"":\""生成工艺模型并执行\"",\""dep\"":null},{\""id\"":\""id2\"",\""tool\"":\""OTS\"",\""ability\"":\""模拟设备参数值\"",\""dep\"":[\""id1\""]},{\""id\"":\""id3\"",\""tool\"":\""OTS\"",\""ability\"":\""加载工况\"",\""dep\"":[\""id2\""]},{\""id\"":\""id4\"",\""tool\"":\""OTS\"",\""ability\"":\""模拟设备参数值\"",\""dep\"":[\""id3\""]}]"", ""branch_rules"": ""[]""}",simulation,如果气化炉模型的氧气进料量出现小幅随机波动，模拟验证其稳态工况的鲁棒性（核心意图）; 如果气化炉模型的氧气进料量出现小幅随机波动，模拟验证其稳态工况的鲁棒性，并指出哪些输出参数最敏感; 新煤种试用阶段，在给定的三种不同煤种（烟煤、褐煤、石油焦）作为进料的前提下，分别模拟验证气化炉模型在仿真环境下的稳态工况，并对比分析验证结果; 气化炉模型鲁棒性模拟验证，输入条件为氧气进料量小幅随机波动，输出敏感参数分析,2025-11-22 03:10:51,2025-11-22 11:10:51.308750
simulation_6.png,"{""workflow"": ""[{\""id\"":\""id1\"",\""tool\"":\""OTS\"",\""ability\"":\""生成工艺模型并执行\"",\""dep\"":null}]"", ""branch_rules"": ""[]""}",simulation,导出气化炉模型文件（非模拟验证）; 验证APC模型准确性（非创建模型）; 新煤种试用阶段，在给定的三种不同煤种（烟煤、褐煤、石油焦）作为进料的前提下，分别模拟验证气化炉模型在仿真环境下的稳态工况，并对比分析验证结果; 气化炉仿真模型，做下稳态验证,2025-11-22 03:10:51,2025-11-22 11:10:51.376550
simulation_7.png,"{""workflow"": ""[{\""id\"":\""id1\"",\""tool\"":\""OTS\"",\""ability\"":\""生成工艺模型并执行\"",\""dep\"":null},{\""id\"":\""id2\"",\""tool\"":\""OTS\"",\""ability\"":\""模拟设备参数值\"",\""dep\"":[\""id1\""]},{\""id\"":\""id3\"",\""tool\"":\""OTS\"",\""ability\"":\""加载工况\"",\""dep\"":[\""id2\""]},{\""id\"":\""id4\"",\""tool\"":\""OTS\"",\""ability\"":\""查看流程图\"",\""dep\"":[\""id3\""]},{\""id\"":\""id5\"",\""tool\"":\""OTS\"",\""ability\"":\""检测评分服务状态\"",\""dep\"":[\""id4\""]},{\""id\"":\""id6\"",\""tool\"":\""OTS\"",\""ability\"":\""查询考试成绩\"",\""dep\"":[\""id5\""]}]"", ""branch_rules"": ""[]""}",simulation,执行控制相关考试题目生成流程,2025-11-22 03:10:52,2025-11-22 11:10:52.555426
simulation_8.png,"{""workflow"": ""[{\""id\"":\""id1\"",\""tool\"":\""OTS\"",\""ability\"":\""检测评分服务状态\"",\""dep\"":null},{\""id\"":\""id2\"",\""tool\"":\""OTS\"",\""ability\"":\""查询考试题目\"",\""dep\"":[\""id1\""]}]"", ""branch_rules"": ""[]""}",simulation,查询考试题目（非生成）,2025-11-22 03:11:14,2025-11-22 11:11:14.784567
statistics_1.png,"{""workflow"": ""[{\""id\"":\""id1\"",\""tool\"":\""PID\"",\""ability\"":\""回路信息查询\"",\""dep\"":null},{\""id\"":\""id2\"",\""tool\"":\""PID\"",\""ability\"":\""基于专家经验的参数整定\"",\""dep\"":[\""id1\""]}]"", ""branch_rules"": ""[]""}",statistics,1_fb19_10回路即将启用，请求输出PID初始参数配置方案; 1_fb19_10回路投用前，需配置PID初始参数，确保符合设计规范; 1_fb19_10将投用使用，给我一个初始参数; 1_fb19_10要启用了，初始PID参数给一个; 1_fb19_10要开了，给个PID初始值 ... (共23个),2025-11-22 03:10:48,2025-11-22 11:10:48.433882
statistics_10.png,"{""workflow"": ""[{\""id\"":\""id1\"",\""tool\"":\""PID\"",\""ability\"":\""回路信息查询\"",\""dep\"":null},{\""id\"":\""id2\"",\""tool\"":\""PID\"",\""ability\"":\""回路数据有效性检测\"",\""dep\"":[\""id1\""]},{\""id\"":\""id3\"",\""tool\"":\""PID\"",\""ability\"":\""控制回路性能评估及诊断\"",\""dep\"":[\""id2\""]}]"", ""branch_rules"": ""[]""}",statistics,PID回路性能评估及异常诊断分析,2025-11-22 03:10:49,2025-11-22 11:10:49.217676
statistics_11.png,"{""workflow"": ""[{\""id\"":\""id1\"",\""tool\"":\""builtin\"",\""ability\"":\""上传数据与解析\"",\""dep\"":null}]"", ""branch_rules"": ""[]""}",statistics,xlsx数据解析，异常检测,2025-11-22 03:10:49,2025-11-22 11:10:49.255159
statistics_12.png,"{""workflow"": ""[{\""id\"":\""id1\"",\""tool\"":\""IDX\"",\""ability\"":\""查询请求分析\"",\""dep\"":null},{\""id\"":\""id2\"",\""tool\"":\""IDX\"",\""ability\"":\""上传数据与解析\"",\""dep\"":[\""id1\""]},{\""id\"":\""id3\"",\""tool\"":\""IDX\"",\""ability\"":\""确认解析结果\"",\""dep\"":[\""id2\""]},{\""id\"":\""id4\"",\""tool\"":\""IDX\"",\""ability\"":\""执行查询与反馈\"",\""dep\"":[\""id3\""]}]"", ""branch_rules"": ""[]""}",statistics,xlsx文件，分析异常; xlsx文件，异常分析快点; XLSX格式上传文件数据解析及异常检测分析; 基于pdf上传文件，帮我分析存在什么异常？; 基于xlsx上传文件，帮我分析存在什么异常？ ... (共22个),2025-11-22 03:10:49,2025-11-22 11:10:49.299801
statistics_13.png,"{""workflow"": ""[{\""id\"":\""id1\"",\""tool\"":\""PID\"",\""ability\"":\""回路信息管理\"",\""dep\"":null}]"", ""branch_rules"": ""[]""}",statistics,乙烯一部回路信息，弄一份; 乙烯一部回路详情，查一下; 乙烯二部回路信息，给我看下; 刚换完回路过滤器，帮我查看乙烯装置一部的回路详细信息; 回路故障排查时，查看乙烯装置二部的回路详细信息 ... (共24个),2025-11-22 03:10:49,2025-11-22 11:10:49.509214
statistics_14.png,"{""workflow"": ""[{\""id\"":\""id1\"",\""tool\"":\""APC\"",\""ability\"":\""APC装置信息查询\"",\""dep\"":null},{\""id\"":\""id3\"",\""tool\"":\""APC\"",\""ability\"":\""APC控制器性能监控查询\"",\""dep\"":[\""id1\""]}]"", ""branch_rules"": ""[]""}",statistics,优化APC过程控制模型性能（非创建模型）; 删除APC过程控制模型（非创建模型）,2025-11-22 03:10:49,2025-11-22 11:10:49.816936
statistics_15.png,"{""workflow"": ""[{\""id\"":\""id1\"",\""tool\"":\""Redesign\"",\""ability\"":\""选择改造目标\"",\""dep\"":null},{\""id\"":\""id2\"",\""tool\"":\""Redesign\"",\""ability\"":\""上传数据与校验\"",\""dep\"":[\""id1\""]},{\""id\"":\""id3\"",\""tool\"":\""Redesign\"",\""ability\"":\""识别换热器瓶颈\"",\""dep\"":[\""id2\""]},{\""id\"":\""id4\"",\""tool\"":\""Redesign\"",\""ability\"":\""指定现场限制条件\"",\""dep\"":[\""id3\""]},{\""id\"":\""id5\"",\""tool\"":\""Redesign\"",\""ability\"":\""换热网络改造\"",\""dep\"":[\""id4\""]},{\""id\"":\""id7\"",\""tool\"":\""Redesign\"",\""ability\"":\""校验限制条件\"",\""dep\"":[\""id4\""]},{\""id\"":\""id8\"",\""tool\"":\""Redesign\"",\""ability\"":\""换热网络改造\"",\""dep\"":[\""id7\""]}]"", ""branch_rules"": ""[{\""from\"":\""id4\"",\""to\"":\""id5\"",\""expression\"":\""Variable([String(\\\""branch_result\\\"")]) Eq 0\""},{\""from\"":\""id4\"",\""to\"":\""id7\"",\""expression\"":\""Variable([String(\\\""branch_result\\\"")]) Eq 1\""}]""}",statistics,优化换热网络参数（非综合评估）,2025-11-22 03:10:49,2025-11-22 11:10:49.950959
statistics_16.png,"{""workflow"": ""[{\""id\"":\""id1\"",\""tool\"":\""APC\"",\""ability\"":\""APC装置信息查询\"",\""dep\"":null},{\""id\"":\""id2\"",\""tool\"":\""APC\"",\""ability\"":\""APC控制器性能监控查询\"",\""dep\"":[\""id1\""]},{\""id\"":\""id4\"",\""tool\"":\""APC\"",\""ability\"":\""控制器运行参数快照查询\"",\""dep\"":[\""id2\""]},{\""id\"":\""id5\"",\""tool\"":\""APC\"",\""ability\"":\""APC控制器信息查询\"",\""dep\"":[\""id4\""]},{\""id\"":\""id7\"",\""tool\"":\""APC\"",\""ability\"":\""APC控制器信息查询\"",\""dep\"":[\""id4\""]},{\""id\"":\""id8\"",\""tool\"":\""APC\"",\""ability\"":\""APC控制器性能监控查询\"",\""dep\"":[\""id7\""]},{\""id\"":\""id10\"",\""tool\"":\""APC\"",\""ability\"":\""控制模型加载\"",\""dep\"":[\""id8\""]},{\""id\"":\""id11\"",\""tool\"":\""APC\"",\""ability\"":\""控制算法执行\"",\""dep\"":[\""id10\""]}]"", ""branch_rules"": ""[]""}",statistics,优化控制模型性能（非创建模型）,2025-11-22 03:10:49,2025-11-22 11:10:49.997391
statistics_17.png,"{""workflow"": ""[{\""id\"":\""id1\"",\""tool\"":\""builtin\"",\""ability\"":\""用户交互界面\"",\""dep\"":null},{\""id\"":\""id2\"",\""tool\"":\""PID\"",\""ability\"":\""回路信息查询\"",\""dep\"":[\""id1\""]},{\""id\"":\""id3\"",\""tool\"":\""PID\"",\""ability\"":\""回路数据有效性检测\"",\""dep\"":[\""id2\""]},{\""id\"":\""id5\"",\""tool\"":\""PID\"",\""ability\"":\""基于专家经验的参数整定\"",\""dep\"":[\""id3\""]},{\""id\"":\""id7\"",\""tool\"":\""PID\"",\""ability\"":\""控制回路性能评估及诊断\"",\""dep\"":[\""id3\""]},{\""id\"":\""id8\"",\""tool\"":\""PID\"",\""ability\"":\""多策略自适应整定\"",\""dep\"":[\""id7\""]},{\""id\"":\""id10\"",\""tool\"":\""PID\"",\""ability\"":\""基于回路波形判断的参数迭代整定\"",\""dep\"":[\""id7\""]}]"", ""branch_rules"": ""[{\""from\"":\""id3\"",\""to\"":\""id5\"",\""expression\"":\""Variable([String(\\\""valid\\\"")]) Eq false\""},{\""from\"":\""id3\"",\""to\"":\""id7\"",\""expression\"":\""Variable([String(\\\""valid\\\"")]) Eq true\""},{\""from\"":\""id7\"",\""to\"":\""id8\"",\""expression\"":\""Variable([String(\\\""isValveOscillate\\\"")]) Eq false\""},{\""from\"":\""id7\"",\""to\"":\""id10\"",\""expression\"":\""Variable([String(\\\""isValveOscillate\\\"")]) Eq true\""}]""}",statistics,优化锅炉回路控制参数（非设计方案）; 修改锅炉传统控制参数（非AI智能控制）,2025-11-22 03:10:50,2025-11-22 11:10:50.057778
statistics_18.png,"{""workflow"": ""[{\""id\"":\""id1\"",\""tool\"":\""APC\"",\""ability\"":\""APC控制器信息查询\"",\""dep\"":null},{\""id\"":\""id3\"",\""tool\"":\""APC\"",\""ability\"":\""APC控制器在线应用\"",\""dep\"":[\""id1\""]}]"", ""branch_rules"": ""[]""}",statistics,停用APC控制（非优化）; 电解槽闭环控制，自动调温; 原料切换期间，甲烷装置出料常一线的流量和温度分别是多少,2025-11-22 03:10:50,2025-11-22 11:10:50.168069
statistics_19.png,"{""workflow"": ""[{\""id\"":\""id1\"",\""tool\"":\""IDX\"",\""ability\"":\""上传数据与解析\"",\""dep\"":null},{\""id\"":\""id2\"",\""tool\"":\""IDX\"",\""ability\"":\""确认解析结果\"",\""dep\"":[\""id1\""]}]"", ""branch_rules"": ""[]""}",statistics,分析pdf文件异常; 基于xlsx上传文件，帮我分析存在什么异常？; 上传xlsx文件，看看有什么问题; 上传pdf文件，看看有什么问题; 分析需求明确，基于xlsx上传文件，帮我分析存在什么异常？,2025-11-22 03:10:50,2025-11-22 11:10:50.331636
statistics_2.png,"{""workflow"": ""[{\""id\"":\""id1\"",\""tool\"":\""PID\"",\""ability\"":\""回路信息查询\"",\""dep\"":null}]"", ""branch_rules"": ""[]""}",statistics,1_fb19_10的PID参数是多少; 1_fb19_10的PID是多少，给我看下; 修改二级硫冷凝器H2S浓度报警阈值（非异常检测）; 修改氯碱装置回路的详细信息（非查询）; 修改硫酸装置进料水流量参数（非查询） ... (共62个),2025-11-22 03:10:48,2025-11-22 11:10:48.468321
statistics_20.png,"{""workflow"": ""[{\""id\"":\""id1\"",\""tool\"":\""IDX\"",\""ability\"":\""查询请求分析\"",\""dep\"":null},{\""id\"":\""id2\"",\""tool\"":\""IDX\"",\""ability\"":\""执行查询与反馈\"",\""dep\"":[\""id1\""]},{\""id\"":\""id4\"",\""tool\"":\""IDX\"",\""ability\"":\""上传数据与解析\"",\""dep\"":[\""id1\""]},{\""id\"":\""id5\"",\""tool\"":\""IDX\"",\""ability\"":\""确认解析结果\"",\""dep\"":[\""id4\""]},{\""id\"":\""id7\"",\""tool\"":\""IDX\"",\""ability\"":\""执行查询与反馈\"",\""dep\"":[\""id5\""]}]"", ""branch_rules"": ""[{\""from\"":\""id1\"",\""to\"":\""id2\"",\""expression\"":\""Variable([String(\\\""valid\\\"")]) Eq true\""},{\""from\"":\""id5\"",\""to\"":\""id7\"",\""expression\"":\""Variable([String(\\\""valid\\\"")]) Eq true\""}]""}",statistics,分析xlsx文件异常; 刚完成仪表校验，数据应该准确，甲烷装置出料常一线的流量是多少; 在线分析仪运行正常，数据可靠，裂解炉未来10分钟的裂解气中C2H2的含量、乙烯收率的数值是多少_; 备份裂解炉历史产物成分数据（非预测）; 工艺调整期，甲烷装置出料常一线的温度是多少？ ... (共24个),2025-11-22 03:10:50,2025-11-22 11:10:50.368744
statistics_21.png,"{""workflow"": ""[{\""id\"":\""id1\"",\""tool\"":\""IDX\"",\""ability\"":\""查询请求分析\"",\""dep\"":null},{\""id\"":\""id2\"",\""tool\"":\""IDX\"",\""ability\"":\""执行查询与反馈\"",\""dep\"":[\""id1\""]}]"", ""branch_rules"": ""[]""}",statistics,原料硫含量波动时，二级硫冷凝器出口气体H2S浓度最近是否有异常，异常存在的风险有哪些; 操作员经验丰富，监控到位，二级硫冷凝器出口气体H2S浓度最近是否有异常，异常存在的风险有哪些,2025-11-22 03:10:50,2025-11-22 11:10:50.725498
statistics_22.png,"{""workflow"": ""[{\""id\"":\""id1\"",\""tool\"":\""PID\"",\""ability\"":\""回路信息查询\"",\""dep\"":null},{\""id\"":\""id2\"",\""tool\"":\""PID\"",\""ability\"":\""控制回路性能评估及诊断\"",\""dep\"":[\""id1\""]},{\""id\"":\""id3\"",\""tool\"":\""PID\"",\""ability\"":\""基于回路波形判断的参数迭代整定\"",\""dep\"":[\""id2\""]}]"", ""branch_rules"": ""[]""}",statistics,反应釜温度控制回路PID参数整定，需包含震荡状态判断; 校准裂解炉C2H2含量测量仪表（非预测）,2025-11-22 03:10:50,2025-11-22 11:10:50.809597
statistics_23.png,"{""workflow"": ""[{\""id\"":\""id1\"",\""tool\"":\""PID\"",\""ability\"":\""回路信息查询\"",\""dep\"":null},{\""id\"":\""id2\"",\""tool\"":\""PID\"",\""ability\"":\""回路运行实时状态计算\"",\""dep\"":[\""id1\""]},{\""id\"":\""id3\"",\""tool\"":\""PID\"",\""ability\"":\""回路评估数据查询\"",\""dep\"":[\""id2\""]}]"", ""branch_rules"": ""[]""}",statistics,同类回路对比差异，帮我评估有什么异常,2025-11-22 03:10:50,2025-11-22 11:10:50.858830
statistics_24.png,"{""workflow"": ""[{\""id\"":\""id1\"",\""tool\"":\""APC\"",\""ability\"":\""APC控制器信息查询\"",\""dep\"":null},{\""id\"":\""id3\"",\""tool\"":\""APC\"",\""ability\"":\""控制器运行参数快照查询\"",\""dep\"":[\""id1\""]}]"", ""branch_rules"": ""[]""}",statistics,备份APC控制参数（非优化）; 查询APC过程控制模型参数（非创建模型）; 查询APC控制方案参数（非优化）,2025-11-22 03:10:51,2025-11-22 11:10:51.176719
statistics_25.png,"{""workflow"": ""[{\""id\"":\""id1\"",\""tool\"":\""builtin\"",\""ability\"":\""用户交互界面\"",\""dep\"":null}]"", ""branch_rules"": ""[]""}",statistics,备份XLSX文件（非异常分析）; 备份气化炉操作数据（非提升操作）; 校准盐水流量调节阀（非异常检测）; 导出XLSX文件数据（非异常分析）; 维护记录分析，基于pdf上传文件，帮我分析存在什么异常？,2025-11-22 03:10:51,2025-11-22 11:10:51.214699
statistics_26.png,"{""workflow"": ""[{\""id\"":\""id1\"",\""tool\"":\""PID\"",\""ability\"":\""回路信息查询\"",\""dep\"":null},{\""id\"":\""id3\"",\""tool\"":\""PID\"",\""ability\"":\""控制回路性能评估及诊断\"",\""dep\"":[\""id1\""]}]"", ""branch_rules"": ""[]""}",statistics,性能评估报告，基于pdf上传文件，帮我分析存在什么异常？; 报告文件已上传，基于pdf上传文件，帮我分析存在什么异常？,2025-11-22 03:10:51,2025-11-22 11:10:51.575555
statistics_27.png,"{""workflow"": ""[{\""id\"":\""id1\"",\""tool\"":\""IDX\"",\""ability\"":\""上传数据与解析\"",\""dep\"":null}]"", ""branch_rules"": ""[]""}",statistics,执行PDF文件数据解析与异常分析流程,2025-11-22 03:10:52,2025-11-22 11:10:52.146748
statistics_28.png,"{""workflow"": ""[{\""id\"":\""id1\"",\""tool\"":\""IDX\"",\""ability\"":\""上传数据与解析\"",\""dep\"":null},{\""id\"":\""id3\"",\""tool\"":\""IDX\"",\""ability\"":\""确认解析结果\"",\""dep\"":[\""id1\""]},{\""id\"":\""id4\"",\""tool\"":\""IDX\"",\""ability\"":\""执行查询与反馈\"",\""dep\"":[\""id3\""]}]"", ""branch_rules"": ""[]""}",statistics,执行XLSX文件数据解析与异常分析流程,2025-11-22 03:10:52,2025-11-22 11:10:52.185372
statistics_29.png,"{""workflow"": ""[{\""id\"":\""id1\"",\""tool\"":\""PID\"",\""ability\"":\""回路信息查询\"",\""dep\"":null},{\""id\"":\""id2\"",\""tool\"":\""PID\"",\""ability\"":\""装置评估数据查询\"",\""dep\"":[\""id1\""]}]"", ""branch_rules"": ""[]""}",statistics,文档格式标准，基于pdf上传文件，帮我分析存在什么异常？; 同类回路对比差异，帮我评估有什么异常; 基于XLSX文件的数据异常分析报告生成; pdf文件，分析异常,2025-11-22 03:11:11,2025-11-22 11:11:11.847469
statistics_3.png,"{""workflow"": ""[{\""id\"":\""id1\"",\""tool\"":\""PID\"",\""ability\"":\""回路信息查询\"",\""dep\"":null},{\""id\"":\""id2\"",\""tool\"":\""PID\"",\""ability\"":\""回路数据有效性检测\"",\""dep\"":[\""id1\""]},{\""id\"":\""id4\"",\""tool\"":\""PID\"",\""ability\"":\""基于专家经验的参数整定\"",\""dep\"":[\""id2\""]},{\""id\"":\""id6\"",\""tool\"":\""PID\"",\""ability\"":\""控制回路性能评估及诊断\"",\""dep\"":[\""id2\""]},{\""id\"":\""id7\"",\""tool\"":\""PID\"",\""ability\"":\""多策略自适应整定\"",\""dep\"":[\""id6\""]},{\""id\"":\""id9\"",\""tool\"":\""PID\"",\""ability\"":\""基于回路波形判断的参数迭代整定\"",\""dep\"":[\""id6\""]}]"", ""branch_rules"": ""[{\""from\"":\""id2\"",\""to\"":\""id4\"",\""expression\"":\""Variable([String(\\\""valid\\\"")]) Eq false\""},{\""from\"":\""id2\"",\""to\"":\""id6\"",\""expression\"":\""Variable([String(\\\""valid\\\"")]) Eq true\""},{\""from\"":\""id6\"",\""to\"":\""id7\"",\""expression\"":\""Variable([String(\\\""isValveOscillate\\\"")]) Eq false\""},{\""from\"":\""id6\"",\""to\"":\""id9\"",\""expression\"":\""Variable([String(\\\""isValveOscillate\\\"")]) Eq true\""}]""}",statistics,523FIC_0009整下PID，查下数据有效不、震不震; AAA回路PID帮忙弄一下，数据和震荡也看看; FIC1001帮调下PID，看看数据准不准、晃不晃; H2S浓度疑似超标，紧急整定下AAA回路PID参数; PIDTEST131_4_copy1回路PID参数整定及有效性验证 ... (共55个),2025-11-22 03:10:48,2025-11-22 11:10:48.541408
statistics_30.png,"{""workflow"": ""[{\""id\"":\""id1\"",\""tool\"":\""PID\"",\""ability\"":\""回路信息查询\"",\""dep\"":null},{\""id\"":\""id2\"",\""tool\"":\""PID\"",\""ability\"":\""自动整定结果查询\"",\""dep\"":[\""id1\""]},{\""id\"":\""id4\"",\""tool\"":\""PID\"",\""ability\"":\""多策略自适应整定\"",\""dep\"":[\""id2\""]},{\""id\"":\""id6\"",\""tool\"":\""PID\"",\""ability\"":\""基于回路波形判断的参数迭代整定\"",\""dep\"":[\""id4\""]}]"", ""branch_rules"": ""[]""}",statistics,新回路FIC102投用后，整定PID参数（非初始预设）,2025-11-22 03:11:14,2025-11-22 11:11:14.551521
statistics_31.png,"{""workflow"": ""[{\""id\"":\""id1\"",\""tool\"":\""PID\"",\""ability\"":\""回路信息查询\"",\""dep\"":null},{\""id\"":\""id2\"",\""tool\"":\""PID\"",\""ability\"":\""开车阶段参数批量整定\"",\""dep\"":[\""id1\""]}]"", ""branch_rules"": ""[]""}",statistics,新装置首次开工，重整装置要开工了，请帮我预设一下PID参数; 装置停车前，帮我整定下PIDTEST131_4_copy1的PID参数备用,2025-11-22 03:11:14,2025-11-22 11:11:14.667649
statistics_32.png,"{""workflow"": ""[{\""id\"":\""id1\"",\""tool\"":\""PID\"",\""ability\"":\""回路信息查询\"",\""dep\"":null},{\""id\"":\""id2\"",\""tool\"":\""builtin\"",\""ability\"":\""用户交互界面\"",\""dep\"":[\""id1\""]}]"", ""branch_rules"": ""[]""}",statistics,校准PID回路仪表（非性能评估）; 修改重整装置PID参数（非整定）; 氯碱装置刚完成检修，请帮我更新氯碱装置的所有回路信息; 新回路FIC102投用前，备份PID初始参数（非预设）,2025-11-22 03:11:14,2025-11-22 11:11:14.874703
statistics_33.png,"{""workflow"": ""[{\""id\"":\""id1\"",\""tool\"":\""PID\"",\""ability\"":\""回路信息查询\"",\""dep\"":null},{\""id\"":\""id2\"",\""tool\"":\""PID\"",\""ability\"":\""回路运行实时状态计算\"",\""dep\"":[\""id1\""]},{\""id\"":\""id3\"",\""tool\"":\""PID\"",\""ability\"":\""回路评估数据查询\"",\""dep\"":[\""id2\""]},{\""id\"":\""id4\"",\""tool\"":\""PID\"",\""ability\"":\""多策略自适应整定\"",\""dep\"":[\""id3\""]}]"", ""branch_rules"": ""[]""}",statistics,气化炉氧气进料波动，验证下鲁棒性，看哪些参数敏感,2025-11-22 03:11:15,2025-11-22 11:11:15.009894
statistics_34.png,"{""workflow"": ""[{\""id\"":\""id1\"",\""tool\"":\""PID\"",\""ability\"":\""回路信息查询\"",\""dep\"":null},{\""id\"":\""id2\"",\""tool\"":\""PID\"",\""ability\"":\""回路评估数据查询\"",\""dep\"":[\""id1\""]}]"", ""branch_rules"": ""[]""}",statistics,盐水流量阀正常吗，离线检查; 基于上传监测文件执行设备异常评估分析; 性能评估报告，基于pdf上传文件，帮我分析存在什么异常？; 甲烷常一线温度，给我看下; 定期性能监测需求，帮我评估有什么异常,2025-11-22 03:11:15,2025-11-22 11:11:15.135557
statistics_35.png,"{""workflow"": ""[{\""id\"":\""id1\"",\""tool\"":\""PID\"",\""ability\"":\""回路信息查询\"",\""dep\"":null},{\""id\"":\""id2\"",\""tool\"":\""PID\"",\""ability\"":\""回路数据有效性检测\"",\""dep\"":[\""id1\""]},{\""id\"":\""id3\"",\""tool\"":\""PID\"",\""ability\"":\""多策略自适应整定\"",\""dep\"":[\""id2\""]},{\""id\"":\""id5\"",\""tool\"":\""PID\"",\""ability\"":\""基于专家经验的参数整定\"",\""dep\"":[\""id2\""]}]"", ""branch_rules"": ""[{\""from\"":\""id2\"",\""to\"":\""id5\"",\""expression\"":\""Variable([String(\\\""valid\\\"")]) Eq false\""}]""}",statistics,重整装置PID预设，用历史数据,2025-11-22 03:11:15,2025-11-22 11:11:15.427021
statistics_36.png,"{""workflow"": ""[{\""id\"":\""id1\"",\""tool\"":\""PID\"",\""ability\"":\""回路信息查询\"",\""dep\"":null},{\""id\"":\""id2\"",\""tool\"":\""PID\"",\""ability\"":\""基于历史数据的回路整定\"",\""dep\"":[\""id1\""]}]"", ""branch_rules"": ""[]""}",statistics,重整装置开工PID参数预设，基于历史运行数据; 重整装置开工前PID参数基于历史数据整定,2025-11-22 03:11:15,2025-11-22 11:11:15.464198
statistics_37.png,"{""workflow"": ""[{\""id\"":\""id1\"",\""tool\"":\""PID\"",\""ability\"":\""回路信息查询\"",\""dep\"":null},{\""id\"":\""id2\"",\""tool\"":\""PID\"",\""ability\"":\""自动整定结果查询\"",\""dep\"":[\""id1\""]}]"", ""branch_rules"": ""[]""}",statistics,重整装置开工前PID参数基于历史数据整定,2025-11-22 03:11:15,2025-11-22 11:11:15.500349
statistics_4.png,"{""workflow"": """", ""branch_rules"": ""[]""}",statistics,FIC1101波动大，AI自整定PID参数; H2S浓度检测一下，看看异常和超限风险; PDF文件数据解析与异常识别综合流程; XLSX文件数据解析与异常识别综合流程; 上传pdf文件，看看有什么问题 ... (共184个),2025-11-22 03:10:48,2025-11-22 11:10:48.742284
statistics_5.png,"{""workflow"": ""[{\""id\"":\""id1\"",\""tool\"":\""IDX\"",\""ability\"":\""上传数据与解析\"",\""dep\"":null},{\""id\"":\""id2\"",\""tool\"":\""IDX\"",\""ability\"":\""确认解析结果\"",\""dep\"":[\""id1\""]},{\""id\"":\""id4\"",\""tool\"":\""IDX\"",\""ability\"":\""执行查询与反馈\"",\""dep\"":[\""id2\""]}]"", ""branch_rules"": ""[{\""from\"":\""id2\"",\""to\"":\""id4\"",\""expression\"":\""Variable([String(\\\""valid\\\"")]) Eq true\""}]""}",statistics,pdf数据解析，异常检测; pdf文件，异常分析快点; 审计文档检查，基于pdf上传文件，帮我分析存在什么异常？; 文件格式正确，基于xlsx上传文件，帮我分析存在什么异常？; 基于xlsx上传文件，帮我分析存在什么异常（核心意图） ... (共7个),2025-11-22 03:10:48,2025-11-22 11:10:48.963858
statistics_6.png,"{""workflow"": ""[{\""id\"":\""id1\"",\""tool\"":\""IDX\"",\""ability\"":\""查询请求分析\"",\""dep\"":null},{\""id\"":\""id2\"",\""tool\"":\""IDX\"",\""ability\"":\""上传数据与解析\"",\""dep\"":[\""id1\""]},{\""id\"":\""id3\"",\""tool\"":\""IDX\"",\""ability\"":\""确认解析结果\"",\""dep\"":[\""id2\""]},{\""id\"":\""id5\"",\""tool\"":\""IDX\"",\""ability\"":\""执行查询与反馈\"",\""dep\"":[\""id3\""]}]"", ""branch_rules"": ""[{\""from\"":\""id3\"",\""to\"":\""id5\"",\""expression\"":\""Variable([String(\\\""valid\\\"")]) Eq true\""}]""}",statistics,pdf文件，分析异常; pdf数据解析，异常检测; 分析xlsx文件异常; XLSX格式上传文件数据解析及异常检测分析; 故障排查期，基于xlsx上传文件，帮我分析存在什么异常？ ... (共6个),2025-11-22 03:10:49,2025-11-22 11:10:49.007319
statistics_7.png,"{""workflow"": ""[{\""id\"":\""id1\"",\""tool\"":\""IDX\"",\""ability\"":\""上传数据与解析\"",\""dep\"":null},{\""id\"":\""id2\"",\""tool\"":\""IDX\"",\""ability\"":\""确认解析结果\"",\""dep\"":[\""id1\""]},{\""id\"":\""id3\"",\""tool\"":\""IDX\"",\""ability\"":\""执行查询与反馈\"",\""dep\"":[\""id2\""]}]"", ""branch_rules"": ""[]""}",statistics,PDF格式上传文件数据解析及异常检测分析; 上传xlsx文件，看看有什么问题; 基于pdf上传文件，帮我分析存在什么异常（核心意图）; 性能评估需求，基于xlsx上传文件，帮我分析存在什么异常？; 文件格式正确，基于xlsx上传文件，帮我分析存在什么异常？ ... (共8个),2025-11-22 03:10:49,2025-11-22 11:10:49.046865
statistics_8.png,"{""workflow"": ""[{\""id\"":\""id1\"",\""tool\"":\""PID\"",\""ability\"":\""回路信息查询\"",\""dep\"":null},{\""id\"":\""id2\"",\""tool\"":\""PID\"",\""ability\"":\""控制回路性能评估及诊断\"",\""dep\"":[\""id1\""]}]"", ""branch_rules"": ""[]""}",statistics,PID回路异常诊断; PID回路异常诊断及性能评估报告; PID回路运行性能评估与异常识别; 分析需求明确，基于xlsx上传文件，帮我分析存在什么异常？; 基于xlsx上传文件，帮我分析存在什么异常（核心意图） ... (共37个),2025-11-22 03:10:49,2025-11-22 11:10:49.089991
statistics_9.png,"{""workflow"": ""[{\""id\"":\""id1\"",\""tool\"":\""PID\"",\""ability\"":\""回路信息查询\"",\""dep\"":null},{\""id\"":\""id2\"",\""tool\"":\""PID\"",\""ability\"":\""回路运行实时状态计算\"",\""dep\"":[\""id1\""]}]"", ""branch_rules"": ""[]""}",statistics,PID回路异常，帮我看看; 工艺条件变化后，帮我评估有什么异常; 查看氯碱装置回路的实时运行数据（非详细信息）; 评估PID回路异常; 氯碱装置回路信息，帮我看看,2025-11-22 03:10:49,2025-11-22 11:10:49.126937
